split,game,side,team,fb,fbtime,fd,fdtime,ft,fttime,cspm,goldat10,goldat15,result
summer,1,Blue,MVP,1,7.582233333,1,11.1699,0,15.14515,32.69565217,15.532,23.35,0
summer,1,Red,Jin Air Green Wings,0,7.582233333,0,11.1699,1,15.14515,30.95652174,14.772,22.363,1
summer,2,Blue,Jin Air Green Wings,1,4.88285,0,13.74805,0,12.42783333,30,15.131,24.167,0
summer,2,Red,MVP,0,4.88285,1,13.74805,1,12.42783333,30.87739033,15.018,24.374,1
summer,3,Blue,MVP,0,5.32245,1,6.088833333,0,19.14938333,29.58033065,14.149,21.871,1
summer,3,Red,Jin Air Green Wings,1,5.32245,0,6.088833333,1,19.14938333,30.11445528,15.315,23.204,0
summer,1,Blue,Longzhu Gaming,1,8.80965,1,15.87505,0,16.21895,33.65093114,15.402,23.386,1
summer,1,Red,KT Rolster,0,8.80965,0,15.87505,1,16.21895,32.50757904,14.354,22.899,0
summer,2,Blue,KT Rolster,0,8.617716667,0,14.22075,0,12.96203333,30.58945191,13.942,21.76,0
summer,2,Red,Longzhu Gaming,1,8.617716667,1,14.22075,1,12.96203333,33.04033092,14.612,23.477,1
summer,1,Blue,Ever8 Winners,0,6.74875,1,11.28515,1,13.07983333,33.1548312,15.118,24.191,1
summer,1,Red,Afreeca Freecs,1,6.74875,0,11.28515,0,13.07983333,34.90104773,15.477,24.645,0
summer,2,Blue,Afreeca Freecs,1,11.98056667,1,12.96455,1,17.00251667,32.73641851,14.359,22.646,1
summer,2,Red,Ever8 Winners,0,11.98056667,0,12.96455,0,17.00251667,30.6639839,13.838,21.715,0
summer,3,Blue,Ever8 Winners,1,10.8178,0,18.50085,0,16.09246667,32.65027322,14.602,22.727,0
summer,3,Red,Afreeca Freecs,0,10.8178,1,18.50085,1,16.09246667,33.27868852,14.866,22.895,1
summer,2,Blue,SK Telecom T1,0,2.4508,0,14.18665,1,7.530916667,29.83221477,14.747,22.215,0
summer,2,Red,Samsung Galaxy,1,2.4508,1,14.18665,0,7.530916667,32.44966443,16.817,25.054,1
summer,1,Blue,Samsung Galaxy,1,13.90035,1,16.37216667,1,14.31415,35.03311258,15.071,24.613,1
summer,1,Red,SK Telecom T1,0,13.90035,0,16.37216667,0,14.31415,34.07284768,14.127,21.461,0
summer,1,Blue,Longzhu Gaming,1,9.22995,1,12.88371667,1,9.7442,36.49058337,16.544,24.604,1
summer,1,Red,BBQ Olivers,0,9.22995,0,12.88371667,0,9.7442,35.77400092,14.689,22.258,0
summer,2,Blue,BBQ Olivers,1,4.822066667,1,16.07568333,1,13.56931667,36.42857143,14.786,24.268,1
summer,2,Red,Longzhu Gaming,0,4.822066667,0,16.07568333,0,13.56931667,32.20408163,13.597,22.062,0
summer,3,Blue,Longzhu Gaming,0,6.243683333,0,13.99166667,1,12.05286667,35.44124169,14.595,24.649,1
summer,3,Red,BBQ Olivers,1,6.243683333,1,13.99166667,0,12.05286667,33.07317073,15.061,23.084,0
summer,1,Blue,ROX Tigers,0,2.9275,0,10.65938333,1,9.322666667,32.50996016,15.836,22.365,0
summer,1,Red,Jin Air Green Wings,1,2.9275,1,10.65938333,0,9.322666667,28.47277556,16.78,25.189,1
summer,2,Blue,Jin Air Green Wings,1,5.912516667,1,17.31246667,1,12.22636667,34.47398844,14.792,23.071,1
summer,2,Red,ROX Tigers,0,5.912516667,0,17.31246667,0,12.22636667,33.71098266,14.595,22.119,0
summer,1,Blue,Afreeca Freecs,1,3.525383333,1,15.00826667,1,8.178366667,33.89900662,16.221,24.154,1
summer,1,Red,KT Rolster,0,3.525383333,0,15.00826667,0,8.178366667,35.04139073,14.095,21.763,0
summer,2,Blue,KT Rolster,1,4.134333333,1,10.55618333,1,14.72161667,32.64755481,15.866,26.472,1
summer,2,Red,Afreeca Freecs,0,4.134333333,0,10.55618333,0,14.72161667,30.42158516,14.571,22.255,0
summer,3,Blue,Afreeca Freecs,0,7.6187,0,11.4399,1,19.51778333,30.08586148,13.953,24.475,0
summer,3,Red,KT Rolster,1,7.6187,1,11.4399,0,19.51778333,29.87979393,14.51,22.805,1
summer,1,Blue,ROX Tigers,1,16.0146,0,14.06188333,1,11.0739,33.94919169,14.661,23.464,1
summer,1,Red,Samsung Galaxy,0,16.0146,1,14.06188333,0,11.0739,32.28637413,14.375,22.079,0
summer,2,Blue,Samsung Galaxy,1,3.5871,1,11.50205,0,13.01743333,34.38515081,14.835,23.694,1
summer,2,Red,ROX Tigers,0,3.5871,0,11.50205,1,13.01743333,31.71229698,14.909,24.057,0
summer,3,Blue,ROX Tigers,0,8.72865,0,8.66375,0,9.286383333,31.5370019,14.995,23.156,0
summer,3,Red,Samsung Galaxy,1,8.72865,1,8.66375,1,9.286383333,34.34535104,16.356,26.122,1
summer,1,Blue,Ever8 Winners,1,0.718233333,0,14.68125,1,12.02345,29.60583942,16.305,24.758,1
summer,1,Red,MVP,0,0.718233333,1,14.68125,0,12.02345,31.82481752,14.316,21.905,0
summer,2,Blue,MVP,0,3.985333333,0,11.2534,0,9.555933333,29.68786127,13.37,20.552,0
summer,2,Red,Ever8 Winners,1,3.985333333,1,11.2534,1,9.555933333,34.16184971,16.125,24.068,1
summer,1,Blue,BBQ Olivers,0,8.21295,0,11.98716667,0,8.5777,32.12121212,13.92,21.202,0
summer,1,Red,SK Telecom T1,1,8.21295,1,11.98716667,1,8.5777,37.25252525,16.618,26.105,1
summer,2,Blue,SK Telecom T1,1,7.469483333,1,8.186833333,1,10.665,32.74159664,15.063,26.071,1
summer,2,Red,BBQ Olivers,0,7.469483333,0,8.186833333,0,10.665,28.01470588,14.235,23.146,0
summer,1,Blue,Jin Air Green Wings,1,3.371133333,0,12.12865,1,17.84916667,35.94616639,15.381,23.396,0
summer,1,Red,Longzhu Gaming,0,3.371133333,1,12.12865,0,17.84916667,34.08646003,14.123,21.717,1
summer,2,Blue,Longzhu Gaming,0,1.029516667,0,12.42203333,0,10.25328333,30,14.397,21.948,0
summer,2,Red,Jin Air Green Wings,1,1.029516667,1,12.42203333,1,10.25328333,29.06928645,15.962,24.511,1
summer,3,Blue,Jin Air Green Wings,0,3.643916667,0,11.28611667,1,17.58858333,33.45785877,14.833,22.338,1
summer,3,Red,Longzhu Gaming,1,3.643916667,1,11.28611667,0,17.58858333,32.00911162,14.793,22.616,0
summer,1,Blue,SK Telecom T1,0,2.805066667,1,8.331766667,1,19.64638333,38.06476785,15.065,23.082,1
summer,1,Red,Ever8 Winners,1,2.805066667,0,8.331766667,0,19.64638333,33.68708545,15.264,23.302,0
summer,2,Blue,Ever8 Winners,0,1.395816667,0,10.96778333,0,8.152883333,27.09251101,13.042,19.336,0
summer,2,Red,SK Telecom T1,1,1.395816667,1,10.96778333,1,8.152883333,34.53744493,19.716,29.312,1
summer,1,Blue,BBQ Olivers,1,15.76178333,1,14.03185,1,13.47873333,30.34749035,14.392,23.199,0
summer,1,Red,ROX Tigers,0,15.76178333,0,14.03185,0,13.47873333,32.75096525,13.892,21.43,1
summer,2,Blue,ROX Tigers,1,6.56795,0,11.41235,1,9.958933333,29.50926936,14.948,22.692,1
summer,2,Red,BBQ Olivers,0,6.56795,1,11.41235,0,9.958933333,26.99018539,13.927,21.159,0
summer,1,Blue,KT Rolster,1,3.020683333,1,10.50148333,1,9.11535,31.13414634,16.472,24.599,1
summer,1,Red,MVP,0,3.020683333,0,10.50148333,0,9.11535,28.17073171,14.25,21.126,0
summer,2,Blue,MVP,0,4.866,1,17.2852,0,14.0526,32.4948283,14.39,21.869,0
summer,2,Red,KT Rolster,1,4.866,0,17.2852,1,14.0526,35.15101365,15.151,24.568,1
summer,1,Blue,Afreeca Freecs,1,5.44665,1,14.8078,1,13.1355,37.05527638,15.488,26.097,1
summer,1,Red,Samsung Galaxy,0,5.44665,0,14.8078,0,13.1355,36.90452261,14.788,22.693,0
summer,2,Blue,Samsung Galaxy,0,10.71266667,1,24.4448,1,19.69823333,35.44493392,14.391,23.581,1
summer,2,Red,Afreeca Freecs,1,10.71266667,0,24.4448,0,19.69823333,32.51101322,15.143,24.263,0
summer,3,Blue,Afreeca Freecs,1,15.0569,1,11.8467,1,15.71528333,34.25933051,14.726,22.498,0
summer,3,Red,Samsung Galaxy,0,15.0569,0,11.8467,0,15.71528333,36.82185456,14.709,22.457,1
summer,1,Blue,ROX Tigers,0,4.643166667,0,10.01056667,1,9.6745,30.60187249,14.709,23.03,0
summer,1,Red,KT Rolster,1,4.643166667,1,10.01056667,0,9.6745,34.15960767,16.161,23.439,1
summer,2,Blue,KT Rolster,0,6.233433333,1,12.2066,0,11.79186667,32.26613307,14.544,22.939,0
summer,2,Red,ROX Tigers,1,6.233433333,0,12.2066,1,11.79186667,32.32616308,14.979,24.584,1
summer,3,Blue,ROX Tigers,1,5.24505,0,11.9813,1,9.4171,31.18713932,15.743,23.421,0
summer,3,Red,KT Rolster,0,5.24505,1,11.9813,0,9.4171,36.15828524,16.082,25.242,1
summer,1,Blue,Jin Air Green Wings,1,9.186583333,1,18.0762,1,9.4231,33.71859296,16.534,24.752,1
summer,1,Red,Ever8 Winners,0,9.186583333,0,18.0762,0,9.4231,36.23115578,14.342,23.046,0
summer,2,Blue,Ever8 Winners,0,3.698233333,0,9.670866667,0,8.350833333,29.89772727,14.387,22.087,0
summer,2,Red,Jin Air Green Wings,1,3.698233333,1,9.670866667,1,8.350833333,31.39772727,17.255,26.07,1
summer,1,Blue,SK Telecom T1,0,9.607216667,0,15.77398333,0,15.48798333,32.30769231,14.05,21.088,0
summer,1,Red,Longzhu Gaming,1,9.607216667,1,15.77398333,1,15.48798333,35.40271493,15.21,24.09,1
summer,2,Blue,Longzhu Gaming,1,5.629866667,1,8.5918,0,12.25745,32.19020173,14.812,22.826,0
summer,2,Red,SK Telecom T1,0,5.629866667,0,8.5918,1,12.25745,34.58213256,13.695,22.958,1
summer,3,Blue,SK Telecom T1,0,4.235,1,18.36628333,1,13.54221667,29.65433596,14.884,24.111,1
summer,3,Red,Longzhu Gaming,1,4.235,0,18.36628333,0,13.54221667,31.36446331,14.881,22.185,0
summer,1,Blue,MVP,0,3.758183333,1,14.7295,0,17.09623333,31.92254495,14.42,22.332,0
summer,1,Red,Samsung Galaxy,1,3.758183333,0,14.7295,1,17.09623333,32.58644537,15.481,23.857,1
summer,2,Blue,Samsung Galaxy,1,7.108566667,0,12.77698333,0,15.07613333,35.4252462,15.37,23.315,1
summer,2,Red,MVP,0,7.108566667,1,12.77698333,1,15.07613333,30.91316025,14.814,23.338,0
summer,1,Blue,Afreeca Freecs,1,0.957033333,1,12.33168333,1,16.27573333,34.28571429,15.291,23.436,1
summer,1,Red,BBQ Olivers,0,0.957033333,0,12.33168333,0,16.27573333,32.63157895,14.233,22.112,0
summer,2,Blue,BBQ Olivers,0,2.3847,0,11.90498333,1,14.34533333,29.41627358,15.404,25.54,1
summer,2,Red,Afreeca Freecs,1,2.3847,1,11.90498333,0,14.34533333,32.08726415,14.823,22.853,0
summer,3,Blue,Afreeca Freecs,1,11.90665,0,12.9242,1,15.5958,34.39797212,14.427,22.997,1
summer,3,Red,BBQ Olivers,0,11.90665,1,12.9242,0,15.5958,31.81242079,14.558,22.317,0
summer,1,Blue,KT Rolster,0,2.858783333,1,12.97173333,1,8.420266667,30.55462185,17.704,25.717,1
summer,1,Red,Jin Air Green Wings,1,2.858783333,0,12.97173333,0,8.420266667,31.93277311,14.786,21.975,0
summer,2,Blue,Jin Air Green Wings,1,7.627883333,1,18.86608333,0,16.83828333,30.81447964,14.018,21.686,0
summer,2,Red,KT Rolster,0,7.627883333,0,18.86608333,1,16.83828333,32.19909502,14.435,22.177,1
summer,1,Blue,Longzhu Gaming,0,2.912683333,1,17.05468333,1,17.54746667,30.95520777,15.268,23.773,1
summer,1,Red,ROX Tigers,1,2.912683333,0,17.05468333,0,17.54746667,31.99136535,15.644,23.73,0
summer,2,Blue,ROX Tigers,1,2.617516667,0,13.46498333,0,8.727866667,28.76872964,15.061,23.097,0
summer,2,Red,Longzhu Gaming,0,2.617516667,1,13.46498333,1,8.727866667,30.48859935,16.912,29.838,1
summer,1,Blue,MVP,1,3.109066667,1,14.30075,1,11.48323333,32.51269036,16.641,25.584,0
summer,1,Red,SK Telecom T1,0,3.109066667,0,14.30075,0,11.48323333,38.60406091,13.795,21.43,1
summer,2,Blue,SK Telecom T1,1,11.91916667,0,13.42078333,1,18.6668,35.25943396,14.989,22.909,1
summer,2,Red,MVP,0,11.91916667,1,13.42078333,0,18.6668,28.93867925,14.442,21.465,0
summer,1,Blue,Ever8 Winners,1,11.39466667,1,13.13055,1,12.00408333,32.44271087,14.759,24.6,1
summer,1,Red,BBQ Olivers,0,11.39466667,0,13.13055,0,12.00408333,32.29644076,15.003,22.615,0
summer,2,Blue,BBQ Olivers,1,9.076616667,1,15.1914,0,9.7394,32.59259259,15.507,25.15,1
summer,2,Red,Ever8 Winners,0,9.076616667,0,15.1914,1,9.7394,30.24338624,15.093,23.18,0
summer,3,Blue,Ever8 Winners,0,2.67415,0,18.00081667,0,13.20796667,31.16756757,14.368,22.159,0
summer,3,Red,BBQ Olivers,1,2.67415,1,18.00081667,1,13.20796667,30.97297297,15.671,25.056,1
summer,1,Blue,Afreeca Freecs,1,6.453416667,1,11.74858333,1,11.29481667,33.61317404,15.898,25.545,1
summer,1,Red,ROX Tigers,0,6.453416667,0,11.74858333,0,11.29481667,33.41943817,15.18,23.484,0
summer,2,Blue,ROX Tigers,1,6.1422,0,6.897366667,1,13.85565,28.70657179,14.482,24.42,1
summer,2,Red,Afreeca Freecs,0,6.1422,1,6.897366667,0,13.85565,28.98283801,15.02,22.807,0
summer,3,Blue,Afreeca Freecs,1,6.390733333,0,12.53806667,1,13.0827,31.98986058,15.629,26.002,1
summer,3,Red,ROX Tigers,0,6.390733333,1,12.53806667,0,13.0827,30.11406844,14.682,22.712,0
summer,1,Blue,KT Rolster,1,9.8796,0,12.86698333,1,13.84825,30.63888889,14.891,23.473,1
summer,1,Red,Samsung Galaxy,0,9.8796,1,12.86698333,0,13.84825,33.19444444,14.595,22.763,0
summer,2,Blue,Samsung Galaxy,1,10.69411667,1,20.64361667,1,18.6347,33.44497608,14.382,22.784,1
summer,2,Red,KT Rolster,0,10.69411667,0,20.64361667,0,18.6347,34.62200957,14.701,23.003,0
summer,3,Blue,KT Rolster,1,4.610616667,0,7.630833333,1,12.65605,30.64351379,14.111,24.554,1
summer,3,Red,Samsung Galaxy,0,4.610616667,1,7.630833333,0,12.65605,34.16751788,14.984,22.266,0
summer,1,Blue,MVP,0,14.73348333,0,10.65408333,1,15.3627,31.50857143,13.862,21.377,0
summer,1,Red,Longzhu Gaming,1,14.73348333,1,10.65408333,0,15.3627,36.13714286,15.21,23.942,1
summer,2,Blue,Longzhu Gaming,1,10.87535,0,14.09721667,1,11.98363333,32.26690234,13.977,23.456,1
summer,2,Red,MVP,0,10.87535,1,14.09721667,0,11.98363333,32.87671233,14.206,23.207,0
summer,1,Blue,Jin Air Green Wings,1,1.051566667,0,11.12191667,0,8.6353,36.10810811,15.203,23.818,1
summer,1,Red,BBQ Olivers,0,1.051566667,1,11.12191667,1,8.6353,33.24324324,14.834,22.956,0
summer,2,Blue,BBQ Olivers,0,2.635016667,1,14.93113333,0,12.59741667,32.56320837,14.72,23.326,0
summer,2,Red,Jin Air Green Wings,1,2.635016667,0,14.93113333,1,12.59741667,32.66782912,15.988,25.438,1
summer,1,Blue,SK Telecom T1,0,9.793966667,1,15.72045,0,12.0971,33.04550758,14.117,22.315,0
summer,1,Red,Afreeca Freecs,1,9.793966667,0,15.72045,1,12.0971,31.57526254,15.114,25.001,1
summer,2,Blue,Afreeca Freecs,0,10.95896667,0,14.13185,1,15.92198333,34.0311804,14.54,22.433,0
summer,2,Red,SK Telecom T1,1,10.95896667,1,14.13185,0,15.92198333,33.47438753,14.194,22.908,1
summer,3,Blue,SK Telecom T1,0,15.02343333,1,16.34585,0,15.4145,36.34285714,14.323,22.091,1
summer,3,Red,Afreeca Freecs,1,15.02343333,0,16.34585,1,15.4145,34.06753247,14.618,22.264,0
summer,1,Blue,Samsung Galaxy,0,10.03658333,1,8.294166667,1,7.6996,34.0461997,15.198,23.492,1
summer,1,Red,Ever8 Winners,1,10.03658333,0,8.294166667,0,7.6996,34.38152012,14.603,24.134,0
summer,2,Blue,Ever8 Winners,1,3.646433333,0,9.575133333,1,9.3513,30.27370091,17.356,26.905,0
summer,2,Red,Samsung Galaxy,0,3.646433333,1,9.575133333,0,9.3513,32.91550972,15.073,24.985,1
summer,1,Blue,SK Telecom T1,1,2.16585,1,13.40356667,1,16.96678333,34.53603391,15.943,24.364,1
summer,1,Red,Jin Air Green Wings,0,2.16585,0,13.40356667,0,16.96678333,30.32501178,15.402,22.891,0
summer,2,Blue,Jin Air Green Wings,1,11.68188333,0,14.94045,0,14.05668333,32.62589928,14.472,22.275,0
summer,2,Red,SK Telecom T1,0,11.68188333,1,14.94045,1,14.05668333,35.53956835,14.999,24.654,1
summer,1,Blue,Longzhu Gaming,1,4.2177,1,10.47565,1,10.28315,34.50424929,15.734,24.724,1
summer,1,Red,Ever8 Winners,0,4.2177,0,10.47565,0,10.28315,32.83286119,14.272,22.916,0
summer,2,Blue,Ever8 Winners,1,4.138233333,0,15.12025,0,6.9996,30.28753994,14.744,21.968,0
summer,2,Red,Longzhu Gaming,0,4.138233333,1,15.12025,1,6.9996,31.89776358,16.653,25.374,1
summer,1,Blue,BBQ Olivers,0,3.358816667,0,11.7677,0,12.19398333,32.06349206,14.614,22.152,0
summer,1,Red,Samsung Galaxy,1,3.358816667,1,11.7677,1,12.19398333,34.63492063,16.287,26.556,1
summer,2,Blue,Samsung Galaxy,1,7.406083333,1,10.91533333,1,16.68908333,35.65268754,15.844,23.593,1
summer,2,Red,BBQ Olivers,0,7.406083333,0,10.91533333,0,16.68908333,30.9746013,14.069,21.941,0
summer,1,Blue,Afreeca Freecs,0,10.0604,1,15.58975,1,15.6332,34.0901312,14.973,23.057,1
summer,1,Red,MVP,1,10.0604,0,15.58975,0,15.6332,32.72104963,14.306,22.751,0
summer,2,Blue,MVP,0,5.433683333,1,10.99703333,1,9.326983333,32.09362809,15.822,24.491,0
summer,2,Red,Afreeca Freecs,1,5.433683333,0,10.99703333,0,9.326983333,33.21196359,14.743,22.321,1
summer,1,Blue,Ever8 Winners,0,6.250333333,0,14.56506667,0,13.68596667,31.43206854,14.289,22.267,0
summer,1,Red,KT Rolster,1,6.250333333,1,14.56506667,1,13.68596667,33.39045288,14.739,22.832,1
summer,2,Blue,KT Rolster,1,6.24595,1,8.72435,1,8.72875,32.83205269,16.317,24.611,1
summer,2,Red,Ever8 Winners,0,6.24595,0,8.72435,0,8.72875,29.80241493,13.603,21.589,0
summer,1,Blue,ROX Tigers,0,10.1646,1,10.11125,1,8.604,32.37149947,15.496,23.85,0
summer,1,Red,SK Telecom T1,1,10.1646,0,10.11125,0,8.604,33.86033322,14.703,23.418,1
summer,2,Blue,SK Telecom T1,1,6.255566667,1,11.35668333,1,6.687333333,33.74247894,15.965,25.841,1
summer,2,Red,ROX Tigers,0,6.255566667,0,11.35668333,0,6.687333333,32.82791817,14.524,22.955,0
summer,1,Blue,ROX Tigers,0,4.817016667,0,13.1661,0,9.624283333,31.48878314,15.571,23.43,1
summer,1,Red,MVP,1,4.817016667,1,13.1661,1,9.624283333,35.99592114,15.819,23.937,0
summer,2,Blue,MVP,1,7.721983333,1,14.33101667,1,12.05615,34.64015152,15.108,25.907,0
summer,2,Red,ROX Tigers,0,7.721983333,0,14.33101667,0,12.05615,33.14393939,15.042,23.895,1
summer,1,Blue,BBQ Olivers,0,8.999516667,0,14.62713333,0,18.97841667,32.06954571,14.583,22.571,0
summer,1,Red,KT Rolster,1,8.999516667,1,14.62713333,1,18.97841667,35.73752103,14.954,23.621,1
summer,2,Blue,KT Rolster,0,11.51763333,1,9.954866667,1,14.20775,34.48782373,14.311,23.227,1
summer,2,Red,BBQ Olivers,1,11.51763333,0,9.954866667,0,14.20775,34.53420951,14.513,23.412,0
summer,1,Blue,Samsung Galaxy,1,9.157083333,1,14.38936667,1,16.52808333,38.18181818,15.254,23.669,1
summer,1,Red,Jin Air Green Wings,0,9.157083333,0,14.38936667,0,16.52808333,31.97368421,14.79,22.304,0
summer,2,Blue,Jin Air Green Wings,0,4.7137,0,10.33548333,1,11.13145,32.29673591,15.076,25.846,1
summer,2,Red,Samsung Galaxy,1,4.7137,1,10.33548333,0,11.13145,30.94362018,14.357,22.001,0
summer,3,Blue,Samsung Galaxy,1,2.257766667,1,18.43865,1,13.81308333,34.96688742,15.119,24.606,1
summer,3,Red,Jin Air Green Wings,0,2.257766667,0,18.43865,0,13.81308333,33.73699149,14.929,22.496,0
summer,1,Blue,Longzhu Gaming,1,6.2171,1,13.36918333,1,13.83395,29.97846375,15.954,24.338,1
summer,1,Red,Afreeca Freecs,0,6.2171,0,13.36918333,0,13.83395,31.85211773,14.873,23.544,0
summer,2,Blue,Afreeca Freecs,1,5.198816667,0,8.778933333,1,15.94068333,36.01593625,14.725,23.786,1
summer,2,Red,Longzhu Gaming,0,5.198816667,1,8.778933333,0,15.94068333,34.31606906,14.943,22.704,0
summer,3,Blue,Longzhu Gaming,0,6.089983333,0,20.77108333,1,16.64683333,28.91794409,14.135,21.679,1
summer,3,Red,Afreeca Freecs,1,6.089983333,1,20.77108333,0,16.64683333,30.67628494,14.174,22.182,0
summer,1,Blue,Ever8 Winners,1,4.690966667,1,11.79983333,1,8.97705,33.02663438,17.445,27.307,1
summer,1,Red,ROX Tigers,0,4.690966667,0,11.79983333,0,8.97705,34.09200969,14.56,23.666,0
summer,2,Blue,ROX Tigers,1,5.04575,0,9.1139,1,13.01096667,28.26963169,15.27,24.1,1
summer,2,Red,Ever8 Winners,0,5.04575,1,9.1139,0,13.01096667,29.60389159,13.867,21.772,0
summer,3,Blue,Ever8 Winners,0,8.120316667,1,14.77986667,1,8.739633333,29.76413328,14.937,23.315,0
summer,3,Red,ROX Tigers,1,8.120316667,0,14.77986667,0,8.739633333,31.42643205,14.019,23.6,1
summer,1,Blue,KT Rolster,1,3.408816667,1,13.53186667,1,9.0078,33.45769487,16.19,24.352,1
summer,1,Red,SK Telecom T1,0,3.408816667,0,13.53186667,0,9.0078,30.8194537,14.858,22.816,0
summer,2,Blue,SK Telecom T1,0,4.349483333,1,15.7511,0,9.5804,33.94618834,14.45,22.142,1
summer,2,Red,KT Rolster,1,4.349483333,0,15.7511,1,9.5804,29.59641256,15.694,24.359,0
summer,3,Blue,KT Rolster,1,5.729966667,0,12.6743,1,12.62095,32.62528048,15.484,24.852,0
summer,3,Red,SK Telecom T1,0,5.729966667,1,12.6743,0,12.62095,36.91099476,14.34,21.914,1
summer,1,Blue,Samsung Galaxy,0,6.065783333,0,9.871583333,0,13.46316667,34.92021277,14.483,22.387,0
summer,1,Red,Longzhu Gaming,1,6.065783333,1,9.871583333,1,13.46316667,34.54787234,16.014,25.583,1
summer,2,Blue,Longzhu Gaming,0,3.489216667,0,9.550566667,1,9.425716667,33.01764706,15.65,24.279,0
summer,2,Red,Samsung Galaxy,1,3.489216667,1,9.550566667,0,9.425716667,28.30588235,14.98,24.028,1
summer,3,Blue,Samsung Galaxy,1,2.81885,0,11.06301667,1,15.56161667,34.43396226,15.32,23.48,1
summer,3,Red,Longzhu Gaming,0,2.81885,1,11.06301667,0,15.56161667,30.78616352,14.735,22.048,0
summer,1,Blue,Jin Air Green Wings,1,9.146883333,0,17.1793,1,19.12533333,37.69491525,15.706,24.071,0
summer,1,Red,Afreeca Freecs,0,9.146883333,1,17.1793,0,19.12533333,35.36723164,14.011,21.964,1
summer,2,Blue,Afreeca Freecs,1,7.894066667,1,12.48121667,0,13.6508,34.80148883,14.522,22.358,1
summer,2,Red,Jin Air Green Wings,0,7.894066667,0,12.48121667,1,13.6508,33.68486352,14.422,23.522,0
summer,1,Blue,BBQ Olivers,1,3.598833333,0,17.1933,1,13.22431667,32.39190797,15.709,24.707,0
summer,1,Red,MVP,0,3.598833333,1,17.1933,0,13.22431667,34.10551369,15.474,23.747,1
summer,2,Blue,MVP,1,2.9871,1,14.37893333,0,12.68703333,35.81239531,16.42,25.696,1
summer,2,Red,BBQ Olivers,0,2.9871,0,14.37893333,1,12.68703333,30.95477387,15.419,24.008,0
summer,1,Blue,KT Rolster,1,0.976666667,1,14.44088333,1,10.75886667,35.6231003,15.832,24.788,1
summer,1,Red,ROX Tigers,0,0.976666667,0,14.44088333,0,10.75886667,32.82674772,14.741,22.946,0
summer,2,Blue,ROX Tigers,0,4.50555,0,11.7993,1,16.4531,34.87684729,14.571,23.426,1
summer,2,Red,KT Rolster,1,4.50555,1,11.7993,0,16.4531,32.5862069,16.063,23.87,0
summer,3,Blue,KT Rolster,1,10.57823333,1,13.1344,1,12.00246667,33.66371681,15.328,25.663,0
summer,3,Red,ROX Tigers,0,10.57823333,0,13.1344,0,12.00246667,31.11504425,13.895,21.348,1
summer,1,Blue,Afreeca Freecs,0,3.642733333,1,10.5441,0,15.56733333,32.81927711,15.358,22.918,1
summer,1,Red,Longzhu Gaming,1,3.642733333,0,10.5441,1,15.56733333,31.22891566,15.363,23.528,0
summer,2,Blue,Longzhu Gaming,1,2.858933333,1,10.79775,1,14.17016667,31.8452381,16.072,24.74,1
summer,2,Red,Afreeca Freecs,0,2.858933333,0,10.79775,0,14.17016667,33.51190476,14.385,21.724,0
summer,3,Blue,Afreeca Freecs,1,0.647783333,0,9.878316667,0,16.82051667,29.71078002,15.385,22.28,0
summer,3,Red,Longzhu Gaming,0,0.647783333,1,9.878316667,1,16.82051667,35.20595968,15.113,23.559,1
summer,1,Blue,Jin Air Green Wings,1,7.597583333,1,8.429966667,1,14.60193333,36.44395362,15.42,25.454,1
summer,1,Red,Samsung Galaxy,0,7.597583333,0,8.429966667,0,14.60193333,36.84152402,15.219,23.091,0
summer,2,Blue,Samsung Galaxy,1,5.550766667,0,9.627216667,0,9.1718,30.70241692,15.642,23.621,0
summer,2,Red,Jin Air Green Wings,0,5.550766667,1,9.627216667,1,9.1718,30.70241692,15.735,25.246,1
summer,1,Blue,BBQ Olivers,1,8.2282,1,16.05586667,1,10.54095,31.12391931,15.584,25.23,1
summer,1,Red,Ever8 Winners,0,8.2282,0,16.05586667,0,10.54095,31.5389049,14.222,22.294,0
summer,2,Blue,Ever8 Winners,1,4.240416667,0,17.59483333,1,10.99185,29.53068592,14.34,23.427,1
summer,2,Red,BBQ Olivers,0,4.240416667,1,17.59483333,0,10.99185,32.82791817,14.816,23.105,0
summer,3,Blue,BBQ Olivers,0,3.040833333,1,10.93936667,1,9.476433333,36.04880883,16.194,24.541,1
summer,3,Red,Ever8 Winners,1,3.040833333,0,10.93936667,0,9.476433333,32.73678094,14.135,22.14,0
summer,1,Blue,SK Telecom T1,1,8.029783333,1,8.996716667,1,11.16465,36.18828932,15.167,25.045,1
summer,1,Red,MVP,0,8.029783333,0,8.996716667,0,11.16465,33.82319173,14.014,22.439,0
summer,2,Blue,MVP,0,5.29515,1,7.364033333,0,7.262266667,30.82262211,14.118,23.648,0
summer,2,Red,SK Telecom T1,1,5.29515,0,7.364033333,1,7.262266667,33.98457584,16.356,24.947,1
summer,1,Blue,Longzhu Gaming,1,2.650333333,0,13.6846,0,17.52838333,30.25250501,14.407,22.907,0
summer,1,Red,MVP,0,2.650333333,1,13.6846,1,17.52838333,32.46492986,15.696,23.774,1
summer,2,Blue,MVP,0,4.609383333,0,9.3213,0,8.649,31.17647059,14.538,22.426,0
summer,2,Red,Longzhu Gaming,1,4.609383333,1,9.3213,1,8.649,31.38408304,16.355,24.05,1
summer,3,Blue,Longzhu Gaming,1,7.084516667,1,10.67303333,1,12.19011667,33.61826698,15.453,25.59,1
summer,3,Red,MVP,0,7.084516667,0,10.67303333,0,12.19011667,30.03512881,14.355,23.477,0
summer,1,Blue,Ever8 Winners,1,5.362083333,0,9.29925,1,9.473616667,36.05442177,17.132,25.597,0
summer,1,Red,Samsung Galaxy,0,5.362083333,1,9.29925,0,9.473616667,35.66893424,14.655,22.145,1
summer,2,Blue,Samsung Galaxy,1,9.792833333,1,10.55405,1,12.73951667,34.46239554,15.851,24.823,1
summer,2,Red,Ever8 Winners,0,9.792833333,0,10.55405,0,12.73951667,33.79387187,14.303,21.89,0
summer,1,Blue,ROX Tigers,0,5.765133333,0,14.69253333,0,11.54791667,32.25732338,14.905,22.042,0
summer,1,Red,Afreeca Freecs,1,5.765133333,1,14.69253333,1,11.54791667,38.83974727,15.943,27.378,1
summer,2,Blue,Afreeca Freecs,1,10.2117,1,15.23703333,0,17.88026667,34.56,15.07,24.576,0
summer,2,Red,ROX Tigers,0,10.2117,0,15.23703333,1,17.88026667,32.91789474,14.435,22.102,1
summer,3,Blue,ROX Tigers,1,3.149783333,1,13.587,0,17.69555,31.53385537,14.743,23.186,0
summer,3,Red,Afreeca Freecs,0,3.149783333,0,13.587,1,17.69555,35.15430677,15.912,24.005,1
summer,1,Blue,Jin Air Green Wings,0,13.74408333,1,16.60636667,1,15.63081667,34.87157162,14.625,22.798,0
summer,1,Red,KT Rolster,1,13.74408333,0,16.60636667,0,15.63081667,34.34915107,14.661,22.783,1
summer,2,Blue,KT Rolster,0,8.409816667,0,8.823416667,1,13.77741667,28.01335559,14.419,24.145,0
summer,2,Red,Jin Air Green Wings,1,8.409816667,1,8.823416667,0,13.77741667,34.07345576,15.222,23.645,1
summer,3,Blue,Jin Air Green Wings,0,3.8783,0,7.324366667,0,6.714383333,32.49283668,14.249,21.609,0
summer,3,Red,KT Rolster,1,3.8783,1,7.324366667,1,6.714383333,33.48997135,17.287,27.562,1
summer,1,Blue,BBQ Olivers,0,5.6162,0,10.10183333,0,13.1194,29.3593821,14.109,22.708,0
summer,1,Red,Longzhu Gaming,1,5.6162,1,10.10183333,1,13.1194,34.56610632,15.157,24.115,1
summer,2,Blue,Longzhu Gaming,0,2.763716667,1,14.99988333,1,11.60196667,32.46597714,15.44,26.374,1
summer,2,Red,BBQ Olivers,1,2.763716667,0,14.99988333,0,11.60196667,29.95100708,14.798,20.944,0
summer,1,Blue,SK Telecom T1,0,5.5981,1,12.68065,0,17.4555,30.99549365,14.837,22.053,0
summer,1,Red,Samsung Galaxy,1,5.5981,0,12.68065,1,17.4555,31.46251536,14.756,22.607,1
summer,2,Blue,Samsung Galaxy,0,6.19925,0,11.6874,1,11.93056667,31.73191772,14.398,24.767,1
summer,2,Red,SK Telecom T1,1,6.19925,1,11.6874,0,11.93056667,31.29396151,14.988,23.211,0
summer,1,Blue,BBQ Olivers,1,7.726783333,0,7.9512,1,13.11373333,32.76771005,15.705,25.024,1
summer,1,Red,Jin Air Green Wings,0,7.726783333,1,7.9512,0,13.11373333,33.31136738,14.491,22.832,0
summer,2,Blue,Jin Air Green Wings,0,7.1909,0,15.51685,1,13.42208333,31.16129032,14.413,25.022,0
summer,2,Red,BBQ Olivers,1,7.1909,1,15.51685,0,13.42208333,33.87096774,14.635,23.799,1
summer,1,Blue,Afreeca Freecs,0,2.33635,1,19.31665,1,19.70556667,33.44360902,15.07,23.398,1
summer,1,Red,SK Telecom T1,1,2.33635,0,19.31665,0,19.70556667,33.11278195,15.067,23.087,0
summer,2,Blue,SK Telecom T1,0,11.0094,1,13.57463333,1,13.0707,33.40257582,14.233,23.053,0
summer,2,Red,Afreeca Freecs,1,11.0094,0,13.57463333,0,13.0707,33.22808475,13.628,22.874,1
summer,1,Blue,MVP,0,12.88665,1,9.528816667,1,15.02166667,33.56065574,15.223,22.543,0
summer,1,Red,ROX Tigers,1,12.88665,0,9.528816667,0,15.02166667,29.01639344,14.747,23.901,1
summer,2,Blue,ROX Tigers,0,3.001833333,0,10.17525,0,11.56536667,31.37007874,14.551,22.831,1
summer,2,Red,MVP,1,3.001833333,1,10.17525,1,11.56536667,33.7007874,15.737,25.372,0
summer,1,Blue,KT Rolster,1,3.016216667,1,11.65423333,1,9.5772,31.75,17.296,27.766,1
summer,1,Red,Ever8 Winners,0,3.016216667,0,11.65423333,0,9.5772,29.64285714,13.436,20.351,0
summer,2,Blue,Ever8 Winners,1,4.4502,0,12.44465,0,8.286716667,31.62773985,16.113,23.449,1
summer,2,Red,KT Rolster,0,4.4502,1,12.44465,1,8.286716667,32.92130794,15.52,24.354,0
summer,3,Blue,KT Rolster,1,4.086016667,1,10.53058333,1,8.5662,34.5890411,16.694,25.773,1
summer,3,Red,Ever8 Winners,0,4.086016667,0,10.53058333,0,8.5662,32.15753425,14.494,22.111,0
summer,1,Blue,Jin Air Green Wings,1,5.582966667,0,16.89773333,1,10.15236667,33.57766143,15.439,24.882,1
summer,1,Red,SK Telecom T1,0,5.582966667,1,16.89773333,0,10.15236667,30.71553229,13.687,22.516,0
summer,2,Blue,SK Telecom T1,1,5.10185,0,16.3624,0,15.29851667,31.72967864,14.449,23.983,0
summer,2,Red,Jin Air Green Wings,0,5.10185,1,16.3624,1,15.29851667,33.6294896,15.992,25.427,1
summer,1,Blue,BBQ Olivers,1,3.832983333,1,12.5254,1,10.71201667,35.86565374,16.913,27.324,1
summer,1,Red,Afreeca Freecs,0,3.832983333,0,12.5254,0,10.71201667,34.95401839,14.635,23.111,0
summer,2,Blue,Afreeca Freecs,0,4.49735,1,9.9815,0,9.90615,31.71466549,13.585,22.111,1
summer,2,Red,BBQ Olivers,1,4.49735,0,9.9815,1,9.90615,30.17279575,16.842,24.519,0
summer,3,Blue,BBQ Olivers,0,3.079083333,0,9.951916667,0,11.75226667,34.6375882,15.437,22.439,0
summer,3,Red,Afreeca Freecs,1,3.079083333,1,9.951916667,1,11.75226667,33.82937781,15.821,26.601,1
summer,1,Blue,MVP,0,6.021633333,1,13.47435,1,13.07345,33.77721679,14.733,24.105,0
summer,1,Red,KT Rolster,1,6.021633333,0,13.47435,0,13.07345,29.82013253,15.636,24.533,1
summer,2,Blue,KT Rolster,0,4.048033333,1,17.6948,1,12.75188333,34.64656965,15.647,25.685,1
summer,2,Red,MVP,1,4.048033333,0,17.6948,0,12.75188333,32.43243243,14.084,21.831,0
summer,1,Blue,ROX Tigers,1,11.16323333,0,22.48621667,0,20.96161667,35.49657534,14.338,23.366,0
summer,1,Red,Ever8 Winners,0,11.16323333,1,22.48621667,1,20.96161667,35.16267123,13.912,22.443,1
summer,2,Blue,Ever8 Winners,1,3.88795,0,17.72501667,1,10.97623333,33.80672269,15.28,24.075,1
summer,2,Red,ROX Tigers,0,3.88795,1,17.72501667,0,10.97623333,33.02521008,14.409,24.266,0
summer,1,Blue,Longzhu Gaming,1,5.75755,0,18.9106,1,18.21791667,30.97172237,15.438,23.089,1
summer,1,Red,SK Telecom T1,0,5.75755,1,18.9106,0,18.21791667,29.15167095,14.425,21.841,0
summer,2,Blue,SK Telecom T1,0,4.902733333,0,12.34813333,0,14.70041667,31.43185739,14.471,23.376,0
summer,2,Red,Longzhu Gaming,1,4.902733333,1,12.34813333,1,14.70041667,31.9493962,15.51,24.324,1
summer,1,Blue,Samsung Galaxy,1,5.621166667,1,10.62458333,1,15.28513333,38.10854379,15.267,24.207,1
summer,1,Red,BBQ Olivers,0,5.621166667,0,10.62458333,0,15.28513333,35.52928533,14.499,22.62,0
summer,2,Blue,BBQ Olivers,1,10.15378333,0,9.990233333,0,10.8974,34.21436004,14.736,24.201,0
summer,2,Red,Samsung Galaxy,0,10.15378333,1,9.990233333,1,10.8974,37.83558793,15.358,24.32,1
summer,1,Blue,Samsung Galaxy,1,4.064016667,1,17.16046667,0,15.10251667,35.12297962,15.874,24.767,0
summer,1,Red,MVP,0,4.064016667,0,17.16046667,1,15.10251667,28.84047786,13.958,22.784,1
summer,2,Blue,MVP,0,9.614133333,0,15.58078333,1,18.50285,32.52533125,14.28,21.904,0
summer,2,Red,Samsung Galaxy,1,9.614133333,1,15.58078333,0,18.50285,33.83476228,15.819,24.118,1
summer,3,Blue,Samsung Galaxy,0,6.105316667,0,12.22575,0,10.9918,34.90660592,15,24.628,0
summer,3,Red,MVP,1,6.105316667,1,12.22575,1,10.9918,32.4738041,14.875,24.865,1
summer,1,Blue,Ever8 Winners,1,4.487,0,9.740383333,0,7.263033333,32.46428571,14.933,22.381,0
summer,1,Red,Longzhu Gaming,0,4.487,1,9.740383333,1,7.263033333,34.07142857,15.76,25.605,1
summer,2,Blue,Longzhu Gaming,1,4.70325,1,10.00601667,1,9.61055,37.04251386,16.577,25.259,1
summer,2,Red,Ever8 Winners,0,4.70325,0,10.00601667,0,9.61055,31.9038817,14.095,21.497,0
summer,1,Blue,KT Rolster,1,2.897083333,1,10.89051667,1,10.67145,33.97590361,16.222,26.872,1
summer,1,Red,Afreeca Freecs,0,2.897083333,0,10.89051667,0,10.67145,31.4300681,14.22,22.413,0
summer,2,Blue,Afreeca Freecs,1,2.866766667,1,9.967166667,0,9.6784,29.97444634,14.303,24.406,1
summer,2,Red,KT Rolster,0,2.866766667,0,9.967166667,1,9.6784,31.35434412,16.314,23.865,0
summer,3,Blue,KT Rolster,1,3.07365,1,13.4036,1,8.107616667,34.96350365,17.845,26.387,1
summer,3,Red,Afreeca Freecs,0,3.07365,0,13.4036,0,8.107616667,28.06569343,12.979,20.734,0
summer,1,Blue,Jin Air Green Wings,1,7.18005,1,10.24806667,1,14.58028333,36.66274971,15.478,26.008,1
summer,1,Red,ROX Tigers,0,7.18005,0,10.24806667,0,14.58028333,30.14101058,14.063,22.002,0
summer,2,Blue,ROX Tigers,0,9.803466667,0,11.86145,0,10.1171,33.38912134,13.845,21.666,0
summer,2,Red,Jin Air Green Wings,1,9.803466667,1,11.86145,1,10.1171,31.68559474,15.176,25.426,1
summer,1,Blue,Samsung Galaxy,1,7.116916667,1,11.95188333,0,13.14126667,32.58258258,14.888,24.028,1
summer,1,Red,KT Rolster,0,7.116916667,0,11.95188333,1,13.14126667,31.89189189,15.435,24.46,0
summer,2,Blue,KT Rolster,1,4.45825,0,13.74835,1,7.28725,33.8697318,16.685,25.402,1
summer,2,Red,Samsung Galaxy,0,4.45825,1,13.74835,0,7.28725,33.44827586,14.413,21.849,0
summer,3,Blue,Samsung Galaxy,1,3.1664,1,20.17001667,1,16.12046667,33.49168646,15.679,23.854,0
summer,3,Red,KT Rolster,0,3.1664,0,20.17001667,0,16.12046667,33.45605701,14.234,22.597,1
summer,1,Blue,ROX Tigers,1,7.357116667,0,17.04801667,0,12.66561667,30.17647059,14.548,22.548,0
summer,1,Red,Longzhu Gaming,0,7.357116667,1,17.04801667,1,12.66561667,31.79411765,14.544,24.592,1
summer,2,Blue,Longzhu Gaming,0,4.74605,0,17.82203333,0,15.18903333,36.15737705,14.79,22.735,1
summer,2,Red,ROX Tigers,1,4.74605,1,17.82203333,1,15.18903333,30.84590164,15.503,22.978,0
summer,1,Blue,MVP,1,10.81371667,0,12.12346667,0,16.0594,29.98473282,14.343,21.957,0
summer,1,Red,BBQ Olivers,0,10.81371667,1,12.12346667,1,16.0594,32.1221374,15.257,23.866,1
summer,2,Blue,BBQ Olivers,1,1.909533333,0,11.82903333,0,11.71515,32.39574091,14.884,23.635,0
summer,2,Red,MVP,0,1.909533333,1,11.82903333,1,11.71515,30.87843833,14.356,23.699,1
summer,3,Blue,MVP,1,11.78176667,1,13.30483333,1,19.64853333,34.33084686,14.969,23.973,1
summer,3,Red,BBQ Olivers,0,11.78176667,0,13.30483333,0,19.64853333,35.19964897,15.126,22.68,0
summer,1,Blue,Ever8 Winners,1,3.6086,0,25.26731667,1,18.49811667,34.33572711,15.052,22.889,0
summer,1,Red,SK Telecom T1,0,3.6086,1,25.26731667,0,18.49811667,33.52782765,15.104,23.106,1
summer,2,Blue,SK Telecom T1,1,8.959966667,1,14.18138333,1,14.09448333,35.17706577,15.229,25.897,1
summer,2,Red,Ever8 Winners,0,8.959966667,0,14.18138333,0,14.09448333,33.38954469,13.931,22.288,0
summer,1,Blue,Samsung Galaxy,1,4.261083333,0,13.28673333,1,11.29096667,33.39428571,16.01,25.158,1
summer,1,Red,Afreeca Freecs,0,4.261083333,1,13.28673333,0,11.29096667,33.42857143,14.624,21.811,0
summer,2,Blue,Afreeca Freecs,1,3.90345,0,15.73953333,1,17.67928333,32.04747774,15.563,23.357,0
summer,2,Red,Samsung Galaxy,0,3.90345,1,15.73953333,0,17.67928333,34.92581602,14.893,23.047,1
summer,1,Blue,Longzhu Gaming,1,8.837966667,0,9.997933333,0,13.74405,31.61936561,15.054,22.795,1
summer,1,Red,Jin Air Green Wings,0,8.837966667,1,9.997933333,1,13.74405,32.32053422,14.762,23.33,0
summer,2,Blue,Jin Air Green Wings,0,4.375833333,0,6.604066667,0,10.63066667,30.76120959,14.399,24.21,1
summer,2,Red,Longzhu Gaming,1,4.375833333,1,6.604066667,1,10.63066667,29.32221064,15.078,24.543,0
summer,3,Blue,Longzhu Gaming,1,4.800983333,1,13.25201667,1,14.8844,36.77024962,15.476,24.848,1
summer,3,Red,Jin Air Green Wings,0,4.800983333,0,13.25201667,0,14.8844,32.52165053,14.451,22.197,0
summer,1,Blue,KT Rolster,1,8.853166667,1,7.928566667,1,14.9729,35.57244656,15.149,24.273,1
summer,1,Red,BBQ Olivers,0,8.853166667,0,7.928566667,0,14.9729,32.49406176,14.508,22.372,0
summer,2,Blue,BBQ Olivers,0,3.015633333,0,18.71796667,0,17.66746667,29.0127483,15.336,23.376,1
summer,2,Red,KT Rolster,1,3.015633333,1,18.71796667,1,17.66746667,32.53483546,15.52,23.82,0
summer,3,Blue,KT Rolster,1,2.7659,0,9.436166667,1,6.78615,32.33351987,17.305,26.776,1
summer,3,Red,BBQ Olivers,0,2.7659,1,9.436166667,0,6.78615,30.18466704,13.275,20.79,0
summer,1,Blue,SK Telecom T1,1,7.237183333,1,10.62493333,1,15.90481667,35.4833263,15.994,23.579,1
summer,1,Red,ROX Tigers,0,7.237183333,0,10.62493333,0,15.90481667,32.39341494,14.819,22.53,0
summer,2,Blue,ROX Tigers,1,8.823483333,0,18.68985,0,14.43738333,34.20140515,14.859,21.96,0
summer,2,Red,SK Telecom T1,0,8.823483333,1,18.68985,1,14.43738333,37.71428571,14.671,25.855,1
summer,1,Blue,Jin Air Green Wings,1,7.121933333,0,15.88296667,1,12.12715,32.54886318,15.662,24.941,1
summer,1,Red,MVP,0,7.121933333,1,15.88296667,0,12.12715,30.46669326,14.316,22.475,0
summer,2,Blue,MVP,0,3.39075,1,11.08381667,1,15.04536667,30.67466267,15.096,23.287,1
summer,2,Red,Jin Air Green Wings,1,3.39075,0,11.08381667,0,15.04536667,32.96851574,15.7,23.726,0
summer,3,Blue,Jin Air Green Wings,0,8.168266667,0,10.18221667,0,8.723783333,29.45606695,14.416,23.707,0
summer,3,Red,MVP,1,8.168266667,1,10.18221667,1,8.723783333,29.74895397,16.684,24.334,1
summer,1,Blue,Afreeca Freecs,1,7.712433333,1,10.97948333,1,8.13925,33.81818182,16.281,25.614,1
summer,1,Red,Ever8 Winners,0,7.712433333,0,10.97948333,0,8.13925,32.58181818,14.621,21.905,0
summer,2,Blue,Ever8 Winners,1,2.68125,0,16.98061667,1,11.67101667,31.43403442,15.573,24.409,0
summer,2,Red,Afreeca Freecs,0,2.68125,1,16.98061667,0,11.67101667,30.09560229,14.023,23.769,1
summer,1,Blue,KT Rolster,0,7.5546,0,11.19335,1,16.14718333,29.71274686,15.002,22.332,1
summer,1,Red,Longzhu Gaming,1,7.5546,1,11.19335,0,16.14718333,32.9443447,15.681,23.854,0
summer,2,Blue,Longzhu Gaming,0,8.503616667,0,13.55376667,0,13.11135,31.07526882,14.05,21.744,0
summer,2,Red,KT Rolster,1,8.503616667,1,13.55376667,1,13.11135,32.58064516,15.582,25.437,1
summer,1,Blue,Samsung Galaxy,1,5.051316667,1,8.056983333,1,13.67245,34.34276206,15.732,24.835,1
summer,1,Red,ROX Tigers,0,5.051316667,0,8.056983333,0,13.67245,33.7437604,14.406,21.893,0
summer,2,Blue,ROX Tigers,1,7.61175,0,8.660633333,0,12.66266667,29.592089,15.245,23.017,1
summer,2,Red,Samsung Galaxy,0,7.61175,1,8.660633333,1,12.66266667,33.39925834,15.02,23.934,0
summer,3,Blue,Samsung Galaxy,1,2.8441,1,10.2351,1,13.44136667,37.82129743,15.31,25.41,1
summer,3,Red,ROX Tigers,0,2.8441,0,10.2351,0,13.44136667,32.57037944,15.23,22.941,0
summer,1,Blue,Ever8 Winners,0,9.924933333,0,10.40015,0,12.63493333,35.17156863,14.647,22.354,0
summer,1,Red,Jin Air Green Wings,1,9.924933333,1,10.40015,1,12.63493333,36.37254902,16.011,26.131,1
summer,2,Blue,Jin Air Green Wings,1,6.192583333,1,15.46275,1,7.301433333,36.26921479,17.978,27.331,1
summer,2,Red,Ever8 Winners,0,6.192583333,0,15.46275,0,7.301433333,34.64894059,14.136,21.457,0
summer,1,Blue,MVP,0,6.898333333,1,14.77456667,0,10.30685,31.59590044,14.286,21.885,0
summer,1,Red,Afreeca Freecs,1,6.898333333,0,14.77456667,1,10.30685,31.7715959,15.649,25.637,1
summer,2,Blue,Afreeca Freecs,0,3.742816667,1,8.519033333,1,16.3644,31.28712871,15.094,23.667,0
summer,2,Red,MVP,1,3.742816667,0,8.519033333,0,16.3644,31.37199434,16.755,25.268,1
summer,3,Blue,MVP,0,2.96945,1,12.08326667,1,10.1295,29.92084433,15.423,23.99,1
summer,3,Red,Afreeca Freecs,1,2.96945,0,12.08326667,0,10.1295,30.52242744,15.169,23.706,0
summer,1,Blue,SK Telecom T1,1,9.6607,1,10.2116,0,14.0447,34.58143075,15.555,24.603,1
summer,1,Red,KT Rolster,0,9.6607,0,10.2116,1,14.0447,32.32876712,14.732,23.065,0
summer,2,Blue,KT Rolster,1,2.679016667,1,7.586383333,1,12.6208,32.82948157,16.563,26.511,1
summer,2,Red,SK Telecom T1,0,2.679016667,0,7.586383333,0,12.6208,33.65396627,15.116,23.154,0
summer,3,Blue,SK Telecom T1,1,4.2181,1,12.83676667,1,9.187566667,33.46794548,16.225,24.792,1
summer,3,Red,KT Rolster,0,4.2181,0,12.83676667,0,9.187566667,30.98435134,14.712,22.201,0
summer,1,Blue,ROX Tigers,1,13.13643333,0,12.80036667,1,13.74146667,33.19502075,14.611,23.804,1
summer,1,Red,BBQ Olivers,0,13.13643333,1,12.80036667,0,13.74146667,34.19087137,14.908,23.569,0
summer,2,Blue,BBQ Olivers,0,4.11795,1,13.88105,1,12.28316667,36.6039823,14.871,24.799,1
summer,2,Red,ROX Tigers,1,4.11795,0,13.88105,0,12.28316667,33.05309735,14.759,22.533,0
summer,3,Blue,ROX Tigers,1,2.484083333,1,16.72178333,0,14.50271667,29.9136,14.95,23.236,1
summer,3,Red,BBQ Olivers,0,2.484083333,0,16.72178333,1,14.50271667,28.2624,14.199,23,0
summer,1,Blue,MVP,0,2.766533333,0,21.12398333,1,18.11355,31.31782946,15.078,23.797,0
summer,1,Red,Ever8 Winners,1,2.766533333,1,21.12398333,0,18.11355,36.12403101,15.275,23.389,1
summer,2,Blue,Ever8 Winners,0,1.639183333,0,14.49986667,0,13.97953333,33.87559809,15.601,22.935,1
summer,2,Red,MVP,1,1.639183333,1,14.49986667,1,13.97953333,30.52631579,13.677,23.434,0
summer,1,Blue,Afreeca Freecs,0,29.29941667,1,13.17448333,1,17.0345,35.27516779,15.147,23.522,1
summer,1,Red,Jin Air Green Wings,1,29.29941667,0,13.17448333,0,17.0345,30.16107383,14.867,22.919,0
summer,2,Blue,Jin Air Green Wings,1,8.816816667,1,12.58691667,0,9.71225,33.55735805,15.116,23.599,0
summer,2,Red,Afreeca Freecs,0,8.816816667,0,12.58691667,1,9.71225,30.56778679,14.919,24.071,1
summer,1,Blue,SK Telecom T1,1,5.826433333,0,10.53645,0,8.955,34.36708861,15.34,23.42,0
summer,1,Red,BBQ Olivers,0,5.826433333,1,10.53645,1,8.955,32.7721519,16.417,25.053,1
summer,2,Blue,BBQ Olivers,1,9.799366667,0,9.672116667,1,14.1384,34.98947368,15.423,24.409,0
summer,2,Red,SK Telecom T1,0,9.799366667,1,9.672116667,0,14.1384,36.98526316,14.204,22.403,1
summer,3,Blue,SK Telecom T1,0,9.481916667,1,24.46058333,0,13.52406667,34.52205882,13.88,21.321,1
summer,3,Red,BBQ Olivers,1,9.481916667,0,24.46058333,1,13.52406667,31.54411765,14.864,24.308,0
summer,1,Blue,Longzhu Gaming,1,10.56575,1,13.65585,0,18.11521667,37.00976709,14.988,24.455,1
summer,1,Red,Samsung Galaxy,0,10.56575,0,13.65585,1,18.11521667,35.20661157,14.857,22.85,0
summer,2,Blue,Samsung Galaxy,0,8.4993,1,19.62463333,0,14.62348333,31.65396683,14.86,23.168,0
summer,2,Red,Longzhu Gaming,1,8.4993,0,19.62463333,1,14.62348333,32.11116091,15.122,24.71,1
spring,1,Blue,ROX Tigers,1,13.72388333,0,20.05838333,0,18.05623333,33.37876614,14.33,22.533,0
spring,1,Red,KT Rolster,0,13.72388333,1,20.05838333,1,18.05623333,31.44189383,14.759,22.497,1
spring,2,Blue,KT Rolster,0,7.365666667,1,11.71721667,1,12.38695,35.37296479,15.474,24.805,1
spring,2,Red,ROX Tigers,1,7.365666667,0,11.71721667,0,12.38695,32.9420674,14.919,23.666,0
spring,1,Blue,Longzhu Gaming,1,7.7318,1,12.45881667,1,10.64308333,31.66172107,15.335,24.858,1
spring,1,Red,Samsung Galaxy,0,7.7318,0,12.45881667,0,10.64308333,32.01780415,14.6,22.983,0
spring,2,Blue,Samsung Galaxy,1,3.497633333,0,15.55583333,1,15.04741667,34.78942214,14.377,22.923,1
spring,2,Red,Longzhu Gaming,0,3.497633333,1,15.55583333,0,15.04741667,32.82076396,14.375,21.884,0
spring,3,Blue,Longzhu Gaming,0,1.872283333,1,11.77883333,1,12.66946667,34.13376309,14.639,23.633,0
spring,3,Red,Samsung Galaxy,1,1.872283333,0,11.77883333,0,12.66946667,28.04190169,15.539,24.271,1
spring,1,Blue,Jin Air Green Wings,0,4.06665,0,7.222883333,1,12.77926667,33.45982143,15.408,23.864,0
spring,1,Red,SK Telecom T1,1,4.06665,1,7.222883333,0,12.77926667,30.53571429,15.388,23.627,1
spring,2,Blue,SK Telecom T1,0,5.916533333,1,19.31515,1,15.59995,31.73803526,14.576,24.989,1
spring,2,Red,Jin Air Green Wings,1,5.916533333,0,19.31515,0,15.59995,31.88916877,15.643,23.638,0
spring,1,Blue,MVP,1,7.53305,0,10.96258333,0,16.385,29.76200418,14.841,22.856,1
spring,1,Red,BBQ Olivers,0,7.53305,1,10.96258333,1,16.385,30.91440501,14.819,24.365,0
spring,2,Blue,BBQ Olivers,1,2.962816667,1,10.06465,1,8.140983333,35.0084317,17.131,25.851,1
spring,2,Red,MVP,0,2.962816667,0,10.06465,0,8.140983333,33.01854975,14.188,22.358,0
spring,3,Blue,MVP,0,7.7384,1,20.52843333,0,17.10946667,31.66007905,14.781,22.927,0
spring,3,Red,BBQ Olivers,1,7.7384,0,20.52843333,1,17.10946667,31.71936759,16.275,24.419,1
spring,1,Blue,Afreeca Freecs,1,8.888,0,12.35561667,1,11.2501,33.89162562,15.486,25.32,1
spring,1,Red,Samsung Galaxy,0,8.888,1,12.35561667,0,11.2501,32.51231527,13.649,20.997,0
spring,2,Blue,Samsung Galaxy,1,4.02725,1,10.86845,1,16.12318333,32.41706161,15.68,23.829,1
spring,2,Red,Afreeca Freecs,0,4.02725,0,10.86845,0,16.12318333,35.61611374,14.498,22.562,0
spring,3,Blue,Afreeca Freecs,0,3.3822,1,10.85288333,0,15.06581667,33.51606805,15.399,23.089,1
spring,3,Red,Samsung Galaxy,1,3.3822,0,10.85288333,1,15.06581667,34.50850662,15.609,24.894,0
spring,1,Blue,ROX Tigers,0,4.759683333,0,14.56548333,0,19.46641667,34.98605022,14.699,22.767,0
spring,1,Red,Kongdoo Monster,1,4.759683333,1,14.56548333,1,19.46641667,36.56436827,14.763,23.351,1
spring,2,Blue,Kongdoo Monster,1,4.512183333,1,9.615133333,0,14.6399,31.83229814,16.177,23.34,0
spring,2,Red,ROX Tigers,0,4.512183333,0,9.615133333,1,14.6399,32.67080745,14.647,25.976,1
spring,3,Blue,ROX Tigers,1,11.1955,0,18.0142,0,17.65145,27.83666377,14.474,23.21,1
spring,3,Red,Kongdoo Monster,0,11.1955,1,18.0142,1,17.65145,30.36490009,14.807,24.691,0
spring,1,Blue,BBQ Olivers,0,2.629333333,0,14.28846667,0,19.05673333,34.33137986,15.161,23.432,0
spring,1,Red,KT Rolster,1,2.629333333,1,14.28846667,1,19.05673333,36.31326585,15.319,23.475,1
spring,2,Blue,KT Rolster,1,19.74626667,1,11.53011667,1,13.7635,36.57207719,15.086,24.027,1
spring,2,Red,BBQ Olivers,0,19.74626667,0,11.53011667,0,13.7635,31.97502838,14.056,21.946,0
spring,1,Blue,Longzhu Gaming,0,18.5118,0,18.34281667,0,20.0306,31.00081367,14.802,22.477,0
spring,1,Red,Jin Air Green Wings,1,18.5118,1,18.34281667,1,20.0306,31.56224573,14.817,22.686,1
spring,2,Blue,Jin Air Green Wings,0,3.665366667,0,11.72611667,0,21.58906667,32.72727273,14.416,22.068,0
spring,2,Red,Longzhu Gaming,1,3.665366667,1,11.72611667,1,21.58906667,32.02346041,15.571,23.424,1
spring,3,Blue,Longzhu Gaming,0,7.411416667,1,9.838383333,1,15.19611667,28.58692972,14.963,23.722,1
spring,3,Red,Jin Air Green Wings,1,7.411416667,0,9.838383333,0,15.19611667,33.6325524,15.395,24.015,0
spring,1,Blue,MVP,1,8.579683333,1,9.887566667,1,21.32036667,31.90702087,15.347,24.406,1
spring,1,Red,Afreeca Freecs,0,8.579683333,0,9.887566667,0,21.32036667,30.91081594,14.944,23.159,0
spring,2,Blue,Afreeca Freecs,1,11.39798333,1,6.598983333,0,19.96396667,34.06451613,14.544,23.497,1
spring,2,Red,MVP,0,11.39798333,0,6.598983333,1,19.96396667,31.84516129,14.38,22.241,0
spring,3,Blue,MVP,1,2.732116667,1,15.6505,1,13.10748333,30.52950076,15.574,24.769,1
spring,3,Red,Afreeca Freecs,0,2.732116667,0,15.6505,0,13.10748333,30.46898638,13.936,22.674,0
spring,1,Blue,Kongdoo Monster,0,3.2786,1,15.63453333,1,12.59858333,30.01503759,14.886,24.064,0
spring,1,Red,SK Telecom T1,1,3.2786,0,15.63453333,0,12.59858333,36.57142857,15.809,23.565,1
spring,2,Blue,SK Telecom T1,0,9.419483333,1,14.70535,1,12.07158333,30.13232514,14.379,26.918,1
spring,2,Red,Kongdoo Monster,1,9.419483333,0,14.70535,0,12.07158333,26.99432892,14.218,21.343,0
spring,1,Blue,SK Telecom T1,1,6.193266667,1,14.128,1,16.03806667,34.53009504,14.72,23.573,1
spring,1,Red,ROX Tigers,0,6.193266667,0,14.128,0,16.03806667,31.93241816,14.666,22.284,0
spring,2,Blue,ROX Tigers,1,7.816233333,0,18.12421667,0,14.5678,28.77281309,14.661,21.542,0
spring,2,Red,SK Telecom T1,0,7.816233333,1,18.12421667,1,14.5678,32.6620516,15.321,25.666,1
spring,1,Blue,Samsung Galaxy,1,4.066116667,0,15.87498333,1,13.99678333,33.04415182,14.683,23.908,1
spring,1,Red,MVP,0,4.066116667,1,15.87498333,0,13.99678333,32.90472502,15.382,24.308,0
spring,2,Blue,MVP,0,7.114633333,0,14.89416667,0,9.6397,30.81447964,14.271,22.423,0
spring,2,Red,Samsung Galaxy,1,7.114633333,1,14.89416667,1,9.6397,32.78280543,17.327,26.21,1
spring,1,Blue,Longzhu Gaming,1,3.615816667,0,15.51676667,1,13.07371667,33.3273703,15.042,25.498,0
spring,1,Red,KT Rolster,0,3.615816667,1,15.51676667,0,13.07371667,30.99284436,14.916,23.116,1
spring,2,Blue,KT Rolster,1,6.63035,0,11.68981667,1,10.9711,31.46274149,15.787,26.584,1
spring,2,Red,Longzhu Gaming,0,6.63035,1,11.68981667,0,10.9711,31.54553818,14.386,21.905,0
spring,1,Blue,BBQ Olivers,0,14.53085,0,19.60995,1,18.4445,33.82496668,14.771,22.633,1
spring,1,Red,Jin Air Green Wings,1,14.53085,1,19.60995,0,18.4445,33.79831186,15.132,24.047,0
spring,2,Blue,Jin Air Green Wings,1,8.600333333,0,10.02998333,0,11.6446,32.81708945,15.162,23.793,0
spring,2,Red,BBQ Olivers,0,8.600333333,1,10.02998333,1,11.6446,33.75166889,14.965,24.42,1
spring,1,Blue,Kongdoo Monster,0,11.97073333,0,10.80918333,0,9.172233333,33.8053999,14.175,20.972,0
spring,1,Red,Longzhu Gaming,1,11.97073333,1,10.80918333,1,9.172233333,35.6087621,15.763,24.627,1
spring,2,Blue,Longzhu Gaming,1,5.866433333,0,10.92488333,1,12.4353,34.83359746,15.499,24.934,1
spring,2,Red,Kongdoo Monster,0,5.866433333,1,10.92488333,0,12.4353,31.94928685,14.688,22.115,0
spring,1,Blue,KT Rolster,0,4.504966667,0,9.430466667,1,11.14835,34.2074928,15.367,25.68,1
spring,1,Red,Afreeca Freecs,1,4.504966667,1,9.430466667,0,11.14835,32.5648415,14.537,22.05,0
spring,2,Blue,Afreeca Freecs,0,3.35195,0,19.0313,1,18.44351667,34.75102041,14.958,24.138,1
spring,2,Red,KT Rolster,1,3.35195,1,19.0313,0,18.44351667,33.47755102,14.813,22.972,0
spring,3,Blue,KT Rolster,1,4.608616667,1,11.06881667,1,9.59725,27.82608696,15.983,23.657,1
spring,3,Red,Afreeca Freecs,0,4.608616667,0,11.06881667,0,9.59725,29.47204969,15.259,22.987,0
spring,1,Blue,BBQ Olivers,0,18.12838333,0,10.83831667,1,19.4663,35.6440678,15.088,23.084,1
spring,1,Red,Kongdoo Monster,1,18.12838333,1,10.83831667,0,19.4663,33.20338983,14.911,23.264,0
spring,2,Blue,Kongdoo Monster,0,6.072316667,0,12.15106667,1,11.21283333,30.68062827,14.883,23.229,0
spring,2,Red,BBQ Olivers,1,6.072316667,1,12.15106667,0,11.21283333,37.13089005,15.765,24.826,1
spring,1,Blue,Afreeca Freecs,0,9.401266667,0,10.0908,0,13.75063333,30.9186906,14.913,22.343,0
spring,1,Red,Jin Air Green Wings,1,9.401266667,1,10.0908,1,13.75063333,30,15.292,26.153,1
spring,2,Blue,Jin Air Green Wings,1,3.558533333,0,12.98953333,1,16.71746667,29.8133078,15.081,23.223,1
spring,2,Red,Afreeca Freecs,0,3.558533333,1,12.98953333,0,16.71746667,31.24940163,14.333,21.969,0
spring,1,Blue,Samsung Galaxy,1,2.843183333,1,11.17305,1,15.00866667,34.88292404,15.687,25.683,1
spring,1,Red,ROX Tigers,0,2.843183333,0,11.17305,0,15.00866667,34.78012564,14.912,22.87,0
spring,2,Blue,ROX Tigers,0,2.744983333,1,17.19808333,1,13.66318333,32.5208467,13.967,24.13,1
spring,2,Red,Samsung Galaxy,1,2.744983333,0,17.19808333,0,13.66318333,34.61834509,15.048,23.703,0
spring,3,Blue,Samsung Galaxy,1,4.5944,0,11.517,0,9.2537,35.20321932,16.561,24.69,1
spring,3,Red,ROX Tigers,0,4.5944,1,11.517,1,9.2537,32.04024145,14.941,22.14,0
spring,1,Blue,SK Telecom T1,1,8.919366667,1,12.19586667,1,11.76658333,34.15716857,15.927,26.606,1
spring,1,Red,MVP,0,8.919366667,0,12.19586667,0,11.76658333,29.910018,14.2,22.353,0
spring,2,Blue,MVP,1,3.14915,0,20.35321667,0,16.6204,26.17598684,14.652,22.315,0
spring,2,Red,SK Telecom T1,0,3.14915,1,20.35321667,1,16.6204,35.79769737,15.126,24.299,1
spring,1,Blue,Afreeca Freecs,0,4.12955,0,9.50085,0,19.43386667,30.85173502,14.818,22.607,0
spring,1,Red,ROX Tigers,1,4.12955,1,9.50085,1,19.43386667,35.06985128,15.288,23.113,1
spring,2,Blue,ROX Tigers,1,6.249183333,0,9.812916667,0,14.11661667,30.9486653,14.576,23.562,0
spring,2,Red,Afreeca Freecs,0,6.249183333,1,9.812916667,1,14.11661667,30.52977413,15.441,25.336,1
spring,3,Blue,Afreeca Freecs,0,9.48745,1,13.474,1,16.006,29.68451243,15.161,23.685,1
spring,3,Red,ROX Tigers,1,9.48745,0,13.474,0,16.006,30.28680688,14.647,22.009,0
spring,1,Blue,Samsung Galaxy,1,2.304983333,1,13.98651667,1,14.2098,36.04316547,16.291,25.824,1
spring,1,Red,Kongdoo Monster,0,2.304983333,0,13.98651667,0,14.2098,31.75059952,14.186,22.059,0
spring,2,Blue,Kongdoo Monster,1,3.20715,0,10.10985,0,11.44808333,30.32457496,14.548,22.369,0
spring,2,Red,Samsung Galaxy,0,3.20715,1,10.10985,1,11.44808333,37.0942813,15.717,24.55,1
spring,1,Blue,BBQ Olivers,0,3.9555,0,13.59366667,1,8.2555,33.19579895,15.872,23.218,0
spring,1,Red,Longzhu Gaming,1,3.9555,1,13.59366667,0,8.2555,33.78094524,16.337,23.49,1
spring,2,Blue,Longzhu Gaming,1,12.16185,1,9.358066667,1,15.38223333,34.62581617,14.76,23.177,1
spring,2,Red,BBQ Olivers,0,12.16185,0,9.358066667,0,15.38223333,32.84781517,14.379,21.991,0
spring,1,Blue,KT Rolster,1,8.369283333,1,13.02876667,1,12.31788333,33.07228916,14.993,25.003,1
spring,1,Red,Jin Air Green Wings,0,8.369283333,0,13.02876667,0,12.31788333,34.26957831,14.854,22.854,0
spring,2,Blue,Jin Air Green Wings,1,8.885933333,1,10.20573333,0,13.08278333,32.46593407,14.641,21.956,0
spring,2,Red,KT Rolster,0,8.885933333,0,10.20573333,1,13.08278333,30.6989011,15.326,26.054,1
spring,1,Blue,MVP,1,9.742316667,0,11.36216667,1,11.74911667,33.47150259,15.38,25.001,1
spring,1,Red,Kongdoo Monster,0,9.742316667,1,11.36216667,0,11.74911667,34.32642487,14.521,21.94,0
spring,2,Blue,Kongdoo Monster,0,4.743916667,0,6.659383333,1,15.54466667,34.91255962,16.155,25.39,1
spring,2,Red,MVP,1,4.743916667,1,6.659383333,0,15.54466667,31.41494436,15.962,23.601,0
spring,3,Blue,MVP,1,8.321116667,1,14.8161,1,13.68235,33.00674157,15.142,25.199,1
spring,3,Red,Kongdoo Monster,0,8.321116667,0,14.8161,0,13.68235,29.87865169,13.707,21.146,0
spring,1,Blue,Afreeca Freecs,1,2.344833333,1,11.84801667,1,15.16448333,29.97805413,14.987,22.863,1
spring,1,Red,SK Telecom T1,0,2.344833333,0,11.84801667,0,15.16448333,33.3138259,15.79,23.262,0
spring,2,Blue,SK Telecom T1,0,1.133033333,0,14.9554,0,13.4889,33.92330383,15.577,24.08,0
spring,2,Red,Afreeca Freecs,1,1.133033333,1,14.9554,1,13.4889,30.79646018,15.44,24.409,1
spring,1,Blue,KT Rolster,1,7.233166667,1,15.65986667,1,16.56578333,34.72298409,15.363,23.969,1
spring,1,Red,Samsung Galaxy,0,7.233166667,0,15.65986667,0,16.56578333,34.06472847,14.138,22.106,0
spring,2,Blue,Samsung Galaxy,1,3.568283333,0,11.4127,0,9.263633333,29.57288136,14.82,23.238,0
spring,2,Red,KT Rolster,0,3.568283333,1,11.4127,1,9.263633333,31.81016949,17.465,27.776,1
spring,1,Blue,ROX Tigers,0,3.550033333,1,12.40638333,1,10.85096667,31.16723549,14.048,24.262,1
spring,1,Red,Longzhu Gaming,1,3.550033333,0,12.40638333,0,10.85096667,33.35836177,15.281,22.575,0
spring,2,Blue,Longzhu Gaming,0,7.937,0,10.76098333,1,11.01138333,33.9543058,14.247,25.386,1
spring,2,Red,ROX Tigers,1,7.937,1,10.76098333,0,11.01138333,33.08435852,14.417,21.02,0
spring,3,Blue,ROX Tigers,0,3.624383333,0,9.612816667,1,15.07341667,31.57618214,15.305,23.438,0
spring,3,Red,Longzhu Gaming,1,3.624383333,1,9.612816667,0,15.07341667,32.86339755,14.381,22.418,1
spring,1,Blue,SK Telecom T1,1,6.438933333,1,11.49796667,1,9.563516667,35.8781362,18.298,27.825,1
spring,1,Red,BBQ Olivers,0,6.438933333,0,11.49796667,0,9.563516667,29.03225806,13.974,21.419,0
spring,2,Blue,BBQ Olivers,1,2.825533333,0,9.120483333,0,9.320483333,29.32086614,15.303,22.838,0
spring,2,Red,SK Telecom T1,0,2.825533333,1,9.120483333,1,9.320483333,34.34055118,18.497,28.68,1
spring,1,Blue,Jin Air Green Wings,1,5.213133333,1,12.14591667,1,16.8031,35.46200109,16.076,24.3,1
spring,1,Red,MVP,0,5.213133333,0,12.14591667,0,16.8031,33.32968835,14.15,21.935,0
spring,2,Blue,MVP,0,0.691416667,0,10.71325,0,19.87348333,30.53571429,15.227,23.284,1
spring,2,Red,Jin Air Green Wings,1,0.691416667,1,10.71325,1,19.87348333,33.08035714,16.609,24.969,0
spring,3,Blue,Jin Air Green Wings,0,9.754366667,0,12.12355,0,15.47851667,29.0664557,14.511,22.107,0
spring,3,Red,MVP,1,9.754366667,1,12.12355,1,15.47851667,26.50316456,15.036,23.373,1
spring,2,Blue,Afreeca Freecs,0,2.29975,0,8.805966667,1,16.51643333,32.98033283,14.331,22.274,0
spring,2,Red,BBQ Olivers,1,2.29975,1,8.805966667,0,16.51643333,31.64901664,14.713,22.831,1
spring,1,Blue,BBQ Olivers,0,8.397316667,1,10.6817,0,9.1224,31.98,14.274,21.965,1
spring,1,Red,Afreeca Freecs,1,8.397316667,0,10.6817,1,9.1224,32.16,16.187,23.78,0
spring,3,Blue,Kongdoo Monster,1,1.032733333,0,9.746633333,0,13.3842,30.63179348,15.796,23.677,1
spring,3,Red,Jin Air Green Wings,0,1.032733333,1,9.746633333,1,13.3842,33.19972826,14.626,23.559,0
spring,2,Blue,Jin Air Green Wings,1,2.855633333,0,11.82063333,1,11.65913333,31.16591928,15.029,24.569,1
spring,2,Red,Kongdoo Monster,0,2.855633333,1,11.82063333,0,11.65913333,34.17040359,14.769,22.432,0
spring,1,Blue,Kongdoo Monster,1,0.89385,1,16.20848333,1,19.27131667,34.17591802,16.53,24.342,1
spring,1,Red,Jin Air Green Wings,0,0.89385,0,16.20848333,0,19.27131667,33.99658412,14.228,22.141,0
spring,3,Blue,Longzhu Gaming,1,3.4248,0,10.1419,0,9.892033333,31.32743363,14.332,21.69,0
spring,3,Red,SK Telecom T1,0,3.4248,1,10.1419,1,9.892033333,32.88716814,16.557,24.29,1
spring,2,Blue,SK Telecom T1,1,3.7995,1,12.59763333,1,13.61868333,36.12097936,15.44,24.784,1
spring,2,Red,Longzhu Gaming,0,3.7995,0,12.59763333,0,13.61868333,31.36821892,15.091,23.811,0
spring,1,Blue,Longzhu Gaming,1,4.4128,0,11.15451667,1,17.72471667,32.51691475,14.34,23.458,1
spring,1,Red,SK Telecom T1,0,4.4128,1,11.15451667,0,17.72471667,36.25169147,15.026,22.909,0
spring,2,Blue,KT Rolster,0,9.51005,0,9.915483333,1,11.598,28.46583584,14.393,25.888,0
spring,2,Red,MVP,1,9.51005,1,9.915483333,0,11.598,28.18220885,14.983,24.05,1
spring,1,Blue,MVP,0,3.475483333,0,9.5813,0,12.5823,30.73987901,13.824,22.02,1
spring,1,Red,KT Rolster,1,3.475483333,1,9.5813,1,12.5823,30.96323872,15.454,24.989,0
spring,1,Blue,SK Telecom T1,0,4.208583333,0,9.679866667,0,8.525466667,35.23929471,15.215,23.235,1
spring,1,Red,Samsung Galaxy,1,4.208583333,1,9.679866667,1,8.525466667,34.20654912,16.104,24.51,0
spring,2,Blue,Samsung Galaxy,0,6.657183333,0,10.3061,0,11.14238333,30.27326733,14.57,23.611,0
spring,2,Red,SK Telecom T1,1,6.657183333,1,10.3061,1,11.14238333,34.43168317,15.934,25.059,1
spring,1,Blue,ROX Tigers,1,3.590433333,0,10.7722,0,13.3432,32.54603683,15.311,22.891,0
spring,1,Red,MVP,0,3.590433333,1,10.7722,1,13.3432,29.90392314,15.825,25.508,1
spring,2,Blue,MVP,1,7.021866667,1,10.15016667,1,13.02278333,30.98461538,15.562,26.04,1
spring,2,Red,ROX Tigers,0,7.021866667,0,10.15016667,0,13.02278333,30.09230769,14.234,21.854,0
spring,1,Blue,Longzhu Gaming,0,4.389733333,1,13.38885,0,14.19906667,32.84469503,14.989,23.159,1
spring,1,Red,Afreeca Freecs,1,4.389733333,0,13.38885,1,14.19906667,30.32291133,14.709,24.579,0
spring,2,Blue,Afreeca Freecs,1,7.83575,1,10.29073333,1,16.02401667,31.5658486,15.72,24.202,0
spring,2,Red,Longzhu Gaming,0,7.83575,0,10.29073333,0,16.02401667,27.77048047,14.307,23.662,1
spring,1,Blue,Kongdoo Monster,0,10.04205,0,10.54718333,0,12.5863,31.53416416,14.612,22.217,0
spring,1,Red,KT Rolster,1,10.04205,1,10.54718333,1,12.5863,32.51396648,15.143,24.945,1
spring,2,Blue,KT Rolster,0,0.7078,0,17.96228333,1,17.581,31.67349512,14.748,22.848,1
spring,2,Red,Kongdoo Monster,1,0.7078,1,17.96228333,0,17.581,32.03277655,16.55,24.723,0
spring,1,Blue,Jin Air Green Wings,1,5.749683333,1,11.09528333,1,15.57093333,32.97545008,15.041,23.129,0
spring,1,Red,Samsung Galaxy,0,5.749683333,0,11.09528333,0,15.57093333,34.44844517,14.431,22.348,1
spring,2,Blue,Samsung Galaxy,1,0.80175,1,15.08146667,1,13.26243333,35.57014925,17.868,28.64,1
spring,2,Red,Jin Air Green Wings,0,0.80175,0,15.08146667,0,13.26243333,31.30746269,14.877,23.381,0
spring,1,Blue,ROX Tigers,1,7.171033333,1,14.2584,1,13.27215,32.33727811,15.549,24.645,1
spring,1,Red,BBQ Olivers,0,7.171033333,0,14.2584,0,13.27215,30.68047337,14.216,21.734,0
spring,2,Blue,BBQ Olivers,0,3.047883333,1,9.803383333,1,12.12308333,35.59928444,15.062,24.877,1
spring,2,Red,ROX Tigers,1,3.047883333,0,9.803383333,0,12.12308333,31.37745975,14.981,23.391,0
spring,3,Blue,ROX Tigers,1,5.46305,1,11.61283333,1,11.18083333,31.23404255,15.202,28.013,1
spring,3,Red,BBQ Olivers,0,5.46305,0,11.61283333,0,11.18083333,28.5106383,14.183,21.135,0
spring,1,Blue,MVP,1,9.6346,0,19.55011667,1,17.98225,34.77376716,15.201,23.829,1
spring,1,Red,Longzhu Gaming,0,9.6346,1,19.55011667,0,17.98225,31.6929334,14.461,22.383,0
spring,2,Blue,Longzhu Gaming,0,9.008866667,1,11.89363333,1,11.66551667,28.9789675,14.784,24.714,1
spring,2,Red,MVP,1,9.008866667,0,11.89363333,0,11.66551667,27.99235182,14.62,23.936,0
spring,3,Blue,MVP,1,7.7778,1,13.59073333,1,11.13495,31.88988883,15.388,23.641,0
spring,3,Red,Longzhu Gaming,0,7.7778,0,13.59073333,0,11.13495,31.50873478,13.958,23.852,1
spring,1,Blue,Kongdoo Monster,0,11.29905,0,10.2817,0,17.61898333,32.45901639,15.078,22.686,0
spring,1,Red,Afreeca Freecs,1,11.29905,1,10.2817,1,17.61898333,33.98907104,15.207,23.687,1
spring,2,Blue,Afreeca Freecs,0,5.194466667,0,12.2157,0,9.8877,35.23163842,14.466,23.812,1
spring,2,Red,Kongdoo Monster,1,5.194466667,1,12.2157,1,9.8877,31.72881356,17.183,24.992,0
spring,1,Blue,Jin Air Green Wings,1,5.286616667,0,10.50325,0,11.99906667,31.68141593,15.713,24.421,0
spring,1,Red,ROX Tigers,0,5.286616667,1,10.50325,1,11.99906667,31.91740413,14.779,25.376,1
spring,2,Blue,ROX Tigers,1,3.134666667,1,13.56073333,1,9.658183333,35.427303,17.499,25.616,1
spring,2,Red,Jin Air Green Wings,0,3.134666667,0,13.56073333,0,9.658183333,31.43174251,15.243,23.882,0
spring,2,Blue,BBQ Olivers,0,2.722866667,0,15.02238333,0,13.92483333,29.94174757,14.658,23.216,0
spring,2,Red,Samsung Galaxy,1,2.722866667,1,15.02238333,1,13.92483333,31.06796117,14.581,24.546,1
spring,3,Blue,Samsung Galaxy,1,8.7717,1,19.22048333,1,20.94911667,34.52702703,15.531,23.051,1
spring,3,Red,BBQ Olivers,0,8.7717,0,19.22048333,0,20.94911667,30.38288288,14.373,23.155,0
spring,1,Blue,Samsung Galaxy,1,4.33215,0,12.8169,0,12.36811667,33.97454031,15.012,22.639,0
spring,1,Red,BBQ Olivers,0,4.33215,1,12.8169,1,12.36811667,34.59688826,14.774,24.451,1
spring,1,Blue,KT Rolster,1,8.629566667,0,18.72435,1,21.02235,33.441842,15.204,23.504,0
spring,1,Red,SK Telecom T1,0,8.629566667,1,18.72435,0,21.02235,37.39579198,14.721,22.535,1
spring,2,Blue,SK Telecom T1,0,3.029566667,0,15.05068333,0,11.99168333,30.84955752,13.666,21.193,0
spring,2,Red,KT Rolster,1,3.029566667,1,15.05068333,1,11.99168333,29.30973451,15.157,26.828,1
spring,3,Blue,KT Rolster,1,3.934433333,1,8.283483333,1,10.67483333,25.05761445,16.669,26.267,0
spring,3,Red,SK Telecom T1,0,3.934433333,0,8.283483333,0,10.67483333,28.64528184,15.081,22.657,1
spring,1,Blue,Longzhu Gaming,1,8.534566667,0,12.6541,1,15.09771667,30.45837231,16.181,24.208,0
spring,1,Red,MVP,0,8.534566667,1,12.6541,0,15.09771667,32.29186155,14.398,22.051,1
spring,2,Blue,MVP,1,4.054283333,0,11.82451667,0,13.22883333,31.59744409,15.67,25.35,1
spring,2,Red,Longzhu Gaming,0,4.054283333,1,11.82451667,1,13.22883333,28.9456869,14.06,22.781,0
spring,1,Blue,BBQ Olivers,1,6.570633333,1,17.91666667,1,16.95875,31.46943153,15.462,23.314,0
spring,1,Red,Samsung Galaxy,0,6.570633333,0,17.91666667,0,16.95875,31.01894887,14.891,22.148,1
spring,2,Blue,Samsung Galaxy,1,6.43015,1,18.1808,1,13.6349,36.85610641,15.653,25.873,1
spring,2,Red,BBQ Olivers,0,6.43015,0,18.1808,0,13.6349,28.94800484,14.144,21.332,0
spring,1,Blue,ROX Tigers,1,5.754916667,1,12.06038333,1,11.13298333,31.69491525,15.415,24.79,1
spring,1,Red,Jin Air Green Wings,0,5.754916667,0,12.06038333,0,11.13298333,30.19774011,14.197,22.507,0
spring,2,Blue,Jin Air Green Wings,1,4.4597,0,10.39055,1,10.65768333,31.76470588,15.627,26.684,1
spring,2,Red,ROX Tigers,0,4.4597,1,10.39055,0,10.65768333,30.92810458,14.527,22.033,0
spring,3,Blue,ROX Tigers,1,6.255466667,1,9.214716667,1,6.606033333,30.94895758,16.325,24.944,1
spring,3,Red,Jin Air Green Wings,0,6.255466667,0,9.214716667,0,6.606033333,31.50970525,14.654,23.305,0
spring,1,Blue,SK Telecom T1,0,3.1679,0,13.4408,0,10.67143333,35.14325975,14.872,23.729,1
spring,1,Red,KT Rolster,1,3.1679,1,13.4408,1,10.67143333,31.67684359,15.298,24.531,0
spring,2,Blue,KT Rolster,1,8.117383333,0,15.39518333,0,11.77098333,30.39931301,15.472,23.167,1
spring,2,Red,SK Telecom T1,0,8.117383333,1,15.39518333,1,11.77098333,35.03649635,15.033,24.181,0
spring,3,Blue,SK Telecom T1,1,3.034283333,0,12.2948,0,6.875783333,31.58221303,15.212,23.354,1
spring,3,Red,KT Rolster,0,3.034283333,1,12.2948,1,6.875783333,32.90589452,16.55,24.742,0
spring,1,Blue,Afreeca Freecs,0,13.2083,1,11.25783333,1,15.97091667,34.86992716,14.877,22.731,1
spring,1,Red,Kongdoo Monster,1,13.2083,0,11.25783333,0,15.97091667,32.90322581,14.642,23.207,0
spring,2,Blue,Kongdoo Monster,0,3.183433333,0,13.89283333,1,16.6209,31.97781885,15.462,23.702,1
spring,2,Red,Afreeca Freecs,1,3.183433333,1,13.89283333,0,16.6209,32.56931608,14.721,22.175,0
spring,3,Blue,Afreeca Freecs,0,4.477483333,1,12.83756667,0,10.26868333,36.71774592,14.979,23.912,1
spring,3,Red,Kongdoo Monster,1,4.477483333,0,12.83756667,1,10.26868333,33.92980722,15.811,24,0
spring,1,Blue,SK Telecom T1,1,6.84425,1,12.86996667,1,8.852233333,32.92714103,16.295,25.567,1
spring,1,Red,Jin Air Green Wings,0,6.84425,0,12.86996667,0,8.852233333,30.62633149,14.222,22.595,0
spring,2,Blue,Jin Air Green Wings,1,14.64076667,0,15.78216667,0,19.6099,30.33442623,13.985,22.443,0
spring,2,Red,SK Telecom T1,0,14.64076667,1,15.78216667,1,19.6099,33.36393443,14.727,22.667,1
spring,1,Blue,BBQ Olivers,1,7.4018,0,14.50383333,0,18.17421667,32.93723849,15.229,22.616,0
spring,1,Red,MVP,0,7.4018,1,14.50383333,1,18.17421667,37.0041841,15.242,23.417,1
spring,2,Blue,MVP,1,7.74075,0,9.440066667,0,15.24196667,33.2874139,15.003,22.865,1
spring,2,Red,BBQ Olivers,0,7.74075,1,9.440066667,1,15.24196667,30.69505322,14.319,22.064,0
spring,1,Blue,Samsung Galaxy,1,2.73225,1,12.24938333,1,15.15643333,34.72392638,15.727,23.792,1
spring,1,Red,Afreeca Freecs,0,2.73225,0,12.24938333,0,15.15643333,34.08997955,15.515,23.102,0
spring,2,Blue,Afreeca Freecs,0,6.517966667,1,16.17715,1,19.05186667,35.35545024,14.756,23.581,1
spring,2,Red,Samsung Galaxy,1,6.517966667,0,16.17715,0,19.05186667,33.80726698,15.023,22.945,0
spring,3,Blue,Samsung Galaxy,1,4.8016,1,14.14016667,1,9.738716667,33.2278481,17.012,24.345,0
spring,3,Red,Afreeca Freecs,0,4.8016,0,14.14016667,0,9.738716667,30.94936709,15.642,23.119,1
spring,1,Blue,Kongdoo Monster,1,7.76,0,13.19103333,0,14.69848333,29.84066768,15.001,22.501,1
spring,1,Red,ROX Tigers,0,7.76,1,13.19103333,1,14.69848333,31.98027314,14.093,24.75,0
spring,2,Blue,ROX Tigers,1,3.784133333,1,16.64043333,0,11.52675,39.08667288,14.856,24.653,1
spring,2,Red,Kongdoo Monster,0,3.784133333,0,16.64043333,1,11.52675,31.17427773,14.402,22.611,0
spring,3,Blue,Kongdoo Monster,1,6.642466667,1,13.77483333,1,13.81871667,34.22688736,15.418,24.52,0
spring,3,Red,ROX Tigers,0,6.642466667,0,13.77483333,0,13.81871667,34.08155026,14.865,23.3,1
spring,1,Blue,KT Rolster,1,4.176533333,1,16.01613333,1,17.50416667,32.00192031,15.239,23.976,1
spring,1,Red,BBQ Olivers,0,4.176533333,0,16.01613333,0,17.50416667,30.82093135,14.458,22.212,0
spring,2,Blue,BBQ Olivers,0,12.5406,1,12.281,0,12.73351667,29.0386016,14.872,23.095,0
spring,2,Red,KT Rolster,1,12.5406,0,12.281,1,12.73351667,28.86380189,14.448,23.549,1
spring,1,Blue,Jin Air Green Wings,0,1.666733333,1,9.596033333,1,16.35223333,30.6837961,15.26,24.682,1
spring,1,Red,Longzhu Gaming,1,1.666733333,0,9.596033333,0,16.35223333,32.47409863,16.456,25.078,0
spring,2,Blue,Longzhu Gaming,1,12.20621667,0,10.75731667,1,15.31886667,30.21447721,14.868,23.363,0
spring,2,Red,Jin Air Green Wings,0,12.20621667,1,10.75731667,0,15.31886667,31.74262735,14.336,22.297,1
spring,1,Blue,Afreeca Freecs,0,4.792566667,1,12.17223333,1,16.70763333,36.48554913,15.002,23.596,1
spring,1,Red,MVP,1,4.792566667,0,12.17223333,0,16.70763333,31.28323699,15.236,22.587,0
spring,2,Blue,MVP,0,11.79808333,0,10.23146667,1,16.96476667,27.89142026,14.882,23.324,0
spring,2,Red,Afreeca Freecs,1,11.79808333,1,10.23146667,0,16.96476667,31.81774115,14.597,24.195,1
spring,1,Blue,SK Telecom T1,0,5.7552,1,13.52048333,0,15.296,32.41622575,15.177,22.747,1
spring,1,Red,Kongdoo Monster,1,5.7552,0,13.52048333,1,15.296,33.19223986,15.189,23.999,0
spring,2,Blue,Kongdoo Monster,0,11.743,0,15.8379,0,12.96828333,32.71849866,14.541,22.122,0
spring,2,Red,SK Telecom T1,1,11.743,1,15.8379,1,12.96828333,36.86863271,14.628,26.074,1
spring,1,Blue,KT Rolster,1,3.0326,1,11.71936667,1,11.65756667,31.65692008,15.903,24.915,1
spring,1,Red,ROX Tigers,0,3.0326,0,11.71936667,0,11.65756667,27.79727096,14.812,22.172,0
spring,2,Blue,ROX Tigers,0,5.225416667,1,10.25955,1,13.93426667,30.43478261,14.691,23.574,0
spring,2,Red,KT Rolster,1,5.225416667,0,10.25955,0,13.93426667,30.27950311,14.468,22.073,1
spring,1,Blue,Samsung Galaxy,1,3.73795,0,12.24968333,1,17.14766667,35.61551433,15.461,24.203,1
spring,1,Red,Longzhu Gaming,0,3.73795,1,12.24968333,0,17.14766667,33.49072513,14.284,22.2,0
spring,2,Blue,Longzhu Gaming,0,11.22136667,0,14.0827,0,15.71313333,29.59509202,14.264,21.557,0
spring,2,Red,Samsung Galaxy,1,11.22136667,1,14.0827,1,15.71313333,33.49693252,14.545,22.446,1
spring,1,Blue,Longzhu Gaming,0,5.49055,0,19.7595,1,17.95166667,30.79533404,14.375,22.323,0
spring,1,Red,BBQ Olivers,1,5.49055,1,19.7595,0,17.95166667,33.1495228,15.546,24.178,1
spring,2,Blue,BBQ Olivers,1,5.048216667,1,9.11185,0,7.787583333,32.60211106,15.283,23.49,0
spring,2,Red,Longzhu Gaming,0,5.048216667,0,9.11185,1,7.787583333,36.73244608,15.445,22.847,1
spring,3,Blue,Longzhu Gaming,1,2.836833333,1,12.21931667,1,13.7359,32.8725428,16.741,27.665,1
spring,3,Red,BBQ Olivers,0,2.836833333,0,12.21931667,0,13.7359,29.10589727,14.148,22.104,0
spring,1,Blue,Jin Air Green Wings,1,4.6783,1,12.27753333,1,7.701766667,29.33121019,16.912,27.017,1
spring,1,Red,KT Rolster,0,4.6783,0,12.27753333,0,7.701766667,32.03025478,14.104,22.197,0
spring,2,Blue,KT Rolster,1,3.33,0,11.30163333,1,11.10711667,33.3240612,14.853,23.97,1
spring,2,Red,Jin Air Green Wings,0,3.33,1,11.30163333,0,11.10711667,34.88178025,14.69,22.102,0
spring,3,Blue,Jin Air Green Wings,0,2.583583333,0,10.57126667,0,8.819916667,31.49077142,14.701,23.281,0
spring,3,Red,KT Rolster,1,2.583583333,1,10.57126667,1,8.819916667,31.85991481,17.379,27.265,1
spring,1,Blue,SK Telecom T1,1,4.610333333,1,10.05468333,1,9.634616667,36.07403253,17.365,26.43,1
spring,1,Red,Afreeca Freecs,0,4.610333333,0,10.05468333,0,9.634616667,32.64161526,13.882,21.372,0
spring,2,Blue,Afreeca Freecs,0,5.736033333,1,14.69553333,1,11.88168333,34.52655889,15.001,24.185,1
spring,2,Red,SK Telecom T1,1,5.736033333,0,14.69553333,0,11.88168333,35.54272517,14.691,23.14,0
spring,3,Blue,SK Telecom T1,1,8.959266667,1,11.31538333,1,10.7536,32.91512915,15.418,24.764,1
spring,3,Red,Afreeca Freecs,0,8.959266667,0,11.31538333,0,10.7536,30.5904059,14.38,21.642,0
spring,1,Blue,Kongdoo Monster,0,3.662266667,0,15.98823333,0,12.4421,28.82800609,14.719,22.593,0
spring,1,Red,MVP,1,3.662266667,1,15.98823333,1,12.4421,31.08066971,15.652,25.095,1
spring,2,Blue,MVP,1,0.7279,1,12.26706667,0,18.21848333,36.49308381,16.492,24.379,1
spring,2,Red,Kongdoo Monster,0,0.7279,0,12.26706667,1,18.21848333,30.21969081,14.319,22.875,0
spring,1,Blue,Samsung Galaxy,1,11.27055,0,11.88521667,0,11.4895,34.60381143,14.709,22.875,0
spring,1,Red,KT Rolster,0,11.27055,1,11.88521667,1,11.4895,35.23570712,14.602,23.37,1
spring,2,Blue,KT Rolster,1,2.258416667,0,10.14123333,0,14.51173333,30.95804634,14.99,23.418,0
spring,2,Red,Samsung Galaxy,0,2.258416667,1,10.14123333,1,14.51173333,33.17470257,15.359,25.923,1
spring,3,Blue,Samsung Galaxy,0,0.854783333,1,15.09883333,1,10.09783333,30.50847458,15.533,25.561,1
spring,3,Red,KT Rolster,1,0.854783333,0,15.09883333,0,10.09783333,31.23104371,14.673,23.667,0
spring,1,Blue,Longzhu Gaming,1,1.2395,1,10.28338333,0,15.17401667,37.53275109,15.209,23.615,1
spring,1,Red,ROX Tigers,0,1.2395,0,10.28338333,1,15.17401667,32.25982533,14.893,23.266,0
spring,2,Blue,ROX Tigers,0,3.069516667,1,13.60935,0,16.68965,30.18595041,14.442,22.735,1
spring,2,Red,Longzhu Gaming,1,3.069516667,0,13.60935,1,16.68965,32.57231405,14.397,22.134,0
spring,3,Blue,Longzhu Gaming,1,9.368,0,6.714416667,1,9.738133333,31.35802469,16.856,27.473,1
spring,3,Red,ROX Tigers,0,9.368,1,6.714416667,0,9.738133333,29.18518519,15.046,22.398,0
spring,1,Blue,MVP,1,14.41423333,0,8.909216667,1,16.10156667,34.58197104,14.608,23.703,1
spring,1,Red,Jin Air Green Wings,0,14.41423333,1,8.909216667,0,16.10156667,33.68519383,14.519,21.948,0
spring,2,Blue,Jin Air Green Wings,1,12.704,0,10.2823,1,11.73868333,29.28143713,14.5,23.985,1
spring,2,Red,MVP,0,12.704,1,10.2823,0,11.73868333,31.86377246,13.795,21.319,0
spring,3,Blue,MVP,1,10.37451667,1,7.6731,0,16.10621667,31.49312377,14.768,23.084,1
spring,3,Red,Jin Air Green Wings,0,10.37451667,0,7.6731,1,16.10621667,30.37328094,14.598,22.018,0
spring,1,Blue,BBQ Olivers,1,3.011016667,1,11.7017,1,14.5173,32.38167939,15.419,25.417,0
spring,1,Red,SK Telecom T1,0,3.011016667,0,11.7017,0,14.5173,35.42748092,15.605,23.489,1
spring,2,Blue,SK Telecom T1,1,8.713416667,0,11.121,1,12.1176,32.76816609,14.809,24.418,1
spring,2,Red,BBQ Olivers,0,8.713416667,1,11.121,0,12.1176,28.78892734,14.715,22.989,0
spring,1,Blue,Kongdoo Monster,0,5.079783333,1,13.11675,0,11.70693333,33.03017053,14.81,22.674,0
spring,1,Red,Samsung Galaxy,1,5.079783333,0,13.11675,1,11.70693333,33.18758199,15.44,24.68,1
spring,2,Blue,Samsung Galaxy,1,3.28575,0,15.42626667,1,12.18521667,36.21933622,14.952,24.812,1
spring,2,Red,Kongdoo Monster,0,3.28575,1,15.42626667,0,12.18521667,30.07215007,13.862,20.602,0
spring,1,Blue,ROX Tigers,1,21.3305,1,10.15386667,1,15.30288333,32.18229623,14.933,22.593,1
spring,1,Red,Afreeca Freecs,0,21.3305,0,10.15386667,0,15.30288333,35.44259422,14.579,22.601,0
spring,2,Blue,Afreeca Freecs,1,3.6314,1,8.0764,0,8.643266667,32.14076246,15.459,23.092,0
spring,2,Red,ROX Tigers,0,3.6314,0,8.0764,1,8.643266667,33.72434018,16.227,25.557,1
spring,1,Blue,Samsung Galaxy,0,3.315583333,0,11.2817,1,13.17436667,33.77019749,15.723,25.434,1
spring,1,Red,Jin Air Green Wings,1,3.315583333,1,11.2817,0,13.17436667,33.33931777,14.844,22.074,0
spring,2,Blue,Jin Air Green Wings,1,3.102266667,0,9.0184,0,15.06435,31.71528588,14.64,22.9,0
spring,2,Red,Samsung Galaxy,0,3.102266667,1,9.0184,1,15.06435,32.6487748,15.29,22.902,1
spring,1,Blue,BBQ Olivers,0,6.695983333,0,9.174133333,1,13.58818333,32.30966638,15.088,24.152,1
spring,1,Red,ROX Tigers,1,6.695983333,1,9.174133333,0,13.58818333,31.15483319,15.312,22.838,0
spring,2,Blue,ROX Tigers,1,7.834183333,0,15.01776667,1,15.72481667,32.01368106,15.869,24.491,1
spring,2,Red,BBQ Olivers,0,7.834183333,1,15.01776667,0,15.72481667,30.83368961,14.328,23.214,0
spring,3,Blue,BBQ Olivers,0,10.34158333,0,9.094433333,0,10.81853333,31.70518426,15.291,22.289,0
spring,3,Red,ROX Tigers,1,10.34158333,1,9.094433333,1,10.81853333,32.90443473,14.654,25.687,1
spring,1,Blue,KT Rolster,1,4.724583333,0,8.632566667,1,18.88655,33.78223496,16.193,24.49,1
spring,1,Red,MVP,0,4.724583333,1,8.632566667,0,18.88655,30.49426934,14.099,22.627,0
spring,2,Blue,MVP,1,4.483016667,1,8.690933333,0,11.09318333,31.2689295,14.734,22.298,1
spring,2,Red,KT Rolster,0,4.483016667,0,8.690933333,1,11.09318333,31.17493473,15.655,25.945,0
spring,3,Blue,KT Rolster,0,9.641483333,0,14.6303,0,15.58048333,32.87093942,14.592,22.268,0
spring,3,Red,MVP,1,9.641483333,1,14.6303,1,15.58048333,32.66022827,14.548,23.678,1
spring,1,Blue,SK Telecom T1,1,4.64155,0,10.89681667,0,7.8083,33.28214971,14.384,23.803,0
spring,1,Red,Longzhu Gaming,0,4.64155,1,10.89681667,1,7.8083,34.52591171,16.47,24.352,1
spring,2,Blue,Longzhu Gaming,0,11.58948333,0,14.75756667,0,19.10941667,33.72285419,14.205,21.539,0
spring,2,Red,SK Telecom T1,1,11.58948333,1,14.75756667,1,19.10941667,36.51499483,14.745,22.73,1
spring,3,Blue,SK Telecom T1,0,7.148066667,0,13.69003333,1,16.10198333,31.23872805,14.466,22.505,1
spring,3,Red,Longzhu Gaming,1,7.148066667,1,13.69003333,0,16.10198333,30.24205031,14.576,22.1,0
spring,1,Blue,Jin Air Green Wings,1,4.853016667,1,7.327216667,1,11.22893333,34.3387471,15.194,25.653,1
spring,1,Red,Kongdoo Monster,0,4.853016667,0,7.327216667,0,11.22893333,32.50580046,13.896,23.827,0
spring,2,Blue,Kongdoo Monster,1,4.452233333,1,11.09335,1,9.303733333,31.64383562,16.233,25.14,1
spring,2,Red,Jin Air Green Wings,0,4.452233333,0,11.09335,0,9.303733333,32.05479452,15.119,22.141,0
spring,3,Blue,Jin Air Green Wings,0,14.02848333,1,11.86755,0,14.54858333,32.92778993,15.083,22.968,1
spring,3,Red,Kongdoo Monster,1,14.02848333,0,11.86755,1,14.54858333,34.1619256,15.26,25.688,0
spring,1,Blue,Afreeca Freecs,1,5.876733333,1,11.50143333,1,11.55075,34.04255319,15.83,25.845,1
spring,1,Red,BBQ Olivers,0,5.876733333,0,11.50143333,0,11.55075,30.40618956,14.274,21.778,0
spring,2,Blue,BBQ Olivers,1,12.93163333,1,10.7838,1,8.005266667,29.03389831,15.172,22.918,1
spring,2,Red,Afreeca Freecs,0,12.93163333,0,10.7838,0,8.005266667,30.48305085,14.208,21.538,0
spring,3,Blue,Afreeca Freecs,0,7.463316667,1,11.45686667,1,18.6536,37.11312217,14.825,21.81,1
spring,3,Red,BBQ Olivers,1,7.463316667,0,11.45686667,0,18.6536,35.6199095,15.261,24.298,0
spring,1,Blue,Samsung Galaxy,1,3.579683333,0,10.36041667,1,14.20358333,32.36686391,15.764,24.965,1
spring,1,Red,SK Telecom T1,0,3.579683333,1,10.36041667,0,14.20358333,31.12426036,13.547,20.92,0
spring,2,Blue,SK Telecom T1,0,3.369516667,0,8.188783333,0,14.65986667,29.65058236,14.35,21.771,0
spring,2,Red,Samsung Galaxy,1,3.369516667,1,8.188783333,1,14.65986667,28.28618968,15.257,23.686,1
spring,1,Blue,MVP,1,3.489283333,1,9.716316667,1,13.41638333,33.94179894,15.657,26.05,1
spring,1,Red,ROX Tigers,0,3.489283333,0,9.716316667,0,13.41638333,31.11111111,15.656,23.724,0
spring,2,Blue,ROX Tigers,1,2.941133333,1,7.719183333,0,15.4475,34.67945482,15.243,23.843,1
spring,2,Red,MVP,0,2.941133333,0,7.719183333,1,15.4475,32.74103988,15.712,24.432,0
spring,3,Blue,MVP,0,2.277566667,0,7.069333333,0,6.002466667,30.546875,14.066,21.85,0
spring,3,Red,ROX Tigers,1,2.277566667,1,7.069333333,1,6.002466667,32.421875,18.498,27.703,1
spring,1,Blue,Afreeca Freecs,0,5.251433333,0,16.8369,1,17.22653333,31.39652271,15.121,23.806,1
spring,1,Red,Longzhu Gaming,1,5.251433333,1,16.8369,0,17.22653333,31.26191812,14.881,24.226,0
spring,2,Blue,Longzhu Gaming,0,6.405533333,0,11.19375,0,18.90811667,30.99391481,13.802,21.164,0
spring,2,Red,Afreeca Freecs,1,6.405533333,1,11.19375,1,18.90811667,32.63691684,15.1,23.212,1
spring,1,Blue,KT Rolster,1,9.5825,0,12.19993333,0,14.3563,34.03542365,15.709,23.611,0
spring,1,Red,Kongdoo Monster,0,9.5825,1,12.19993333,1,14.3563,33.31737674,15.183,24.755,1
spring,2,Blue,Kongdoo Monster,0,7.0033,0,9.618516667,0,13.34131667,30.72972973,14.288,21.301,0
spring,2,Red,KT Rolster,1,7.0033,1,9.618516667,1,13.34131667,32.67567568,15.266,24.836,1
spring,3,Blue,KT Rolster,1,1.293683333,0,13.34045,0,15.63348333,34.29526462,14.894,22.744,0
spring,3,Red,Kongdoo Monster,0,1.293683333,1,13.34045,1,15.63348333,32.92479109,14.698,23.206,1
spring,1,Blue,Kongdoo Monster,0,9.50475,1,12.76971667,1,15.86506667,32.28619814,14.589,22.582,1
spring,1,Red,BBQ Olivers,1,9.50475,0,12.76971667,0,15.86506667,35.0550381,15.207,23.096,0
spring,2,Blue,BBQ Olivers,1,7.739083333,1,12.58436667,1,18.1684,36.83111954,14.808,22.984,1
spring,2,Red,Kongdoo Monster,0,7.739083333,0,12.58436667,0,18.1684,34.69639469,14.07,22.705,0
spring,3,Blue,Kongdoo Monster,0,7.702083333,0,11.39528333,1,20.03285,30.53176984,14.873,22.149,0
spring,3,Red,BBQ Olivers,1,7.702083333,1,11.39528333,0,20.03285,32.90428143,15.394,23.415,1
spring,1,Blue,Jin Air Green Wings,0,5.609916667,0,10.13516667,0,14.56231667,32.80358142,14.212,22.151,0
spring,1,Red,Afreeca Freecs,1,5.609916667,1,10.13516667,1,14.56231667,36.76552882,15.787,24.87,1
spring,2,Blue,Afreeca Freecs,0,3.05415,0,9.780133333,1,22.77131667,36.86707115,14.985,22.889,1
spring,2,Red,Jin Air Green Wings,1,3.05415,1,9.780133333,0,22.77131667,34.15333701,14.679,22.389,0
spring,1,Blue,ROX Tigers,0,8.5687,1,13.29951667,1,12.23555,31.70905392,14.217,22.43,0
spring,1,Red,SK Telecom T1,1,8.5687,0,13.29951667,0,12.23555,34.21159715,14.399,22.832,1
spring,2,Blue,SK Telecom T1,1,3.342416667,1,9.610116667,0,12.05173333,32.63902932,14.844,23.075,0
spring,2,Red,ROX Tigers,0,3.342416667,0,9.610116667,1,12.05173333,33.2760364,14.526,23.794,1
spring,3,Blue,ROX Tigers,0,3.970133333,1,13.51075,1,6.775,31.02362205,16.481,25.051,0
spring,3,Red,SK Telecom T1,1,3.970133333,0,13.51075,0,6.775,29.73753281,15.236,22.822,1
spring,1,Blue,MVP,1,4.042933333,1,11.76395,0,17.965,32.41758242,15.278,23.033,0
spring,1,Red,Samsung Galaxy,0,4.042933333,0,11.76395,1,17.965,32.22527473,14.985,23.108,1
spring,2,Blue,Samsung Galaxy,0,4.31295,1,9.71525,0,13.10988333,33.05755396,15.193,24.745,1
spring,2,Red,MVP,1,4.31295,0,9.71525,1,13.10988333,29.38848921,14.718,23.821,0
spring,1,Blue,Longzhu Gaming,1,6.282233333,0,16.07208333,0,15.73133333,34.46927374,15.782,23.873,0
spring,1,Red,Kongdoo Monster,0,6.282233333,1,16.07208333,1,15.73133333,33.32402235,14.533,22.311,1
spring,2,Blue,Kongdoo Monster,0,9.988866667,0,17.22545,0,15.94076667,31.14788004,14.382,22.202,0
spring,2,Red,Longzhu Gaming,1,9.988866667,1,17.22545,1,15.94076667,35.18097208,15.17,23.416,1
spring,3,Blue,Longzhu Gaming,0,3.761616667,1,17.44621667,1,22.07261667,32.83751011,14.594,22.267,0
spring,3,Red,Kongdoo Monster,1,3.761616667,0,17.44621667,0,22.07261667,33.85610348,15.128,23,1
spring,1,Blue,Afreeca Freecs,1,3.352466667,1,13.28296667,1,9.316166667,34.88430795,15.882,23.738,1
spring,1,Red,KT Rolster,0,3.352466667,0,13.28296667,0,9.316166667,33.34455196,13.911,21.915,0
spring,2,Blue,KT Rolster,1,4.989866667,1,10.2918,1,8.464116667,29.40684411,16.64,26.655,1
spring,2,Red,Afreeca Freecs,0,4.989866667,0,10.2918,0,8.464116667,31.91634981,13.263,21.01,0
spring,3,Blue,Afreeca Freecs,0,4.1684,0,10.03701667,0,8.6017,30.23584906,13.668,22.215,0
spring,3,Red,KT Rolster,1,4.1684,1,10.03701667,1,8.6017,31.36792453,16.568,25.711,1
spring,1,Blue,ROX Tigers,0,4.7217,1,12.90196667,1,11.00145,30.42475092,14.485,24.304,0
spring,1,Red,Samsung Galaxy,1,4.7217,0,12.90196667,0,11.00145,31.9349764,15.701,23.988,1
spring,2,Blue,Samsung Galaxy,1,3.7997,0,10.34418333,1,13.96568333,32.79927173,14.89,25.027,1
spring,2,Red,ROX Tigers,0,3.7997,1,10.34418333,0,13.96568333,27.58306782,14.901,23.505,0
spring,1,Blue,MVP,0,5.993383333,0,13.71506667,0,13.28048333,29.93384785,13.912,21.099,0
spring,1,Red,SK Telecom T1,1,5.993383333,1,13.71506667,1,13.28048333,31.09151047,16.498,26.251,1
spring,2,Blue,SK Telecom T1,1,2.1012,1,12.92306667,1,10.58646667,35.51214361,16.806,25.76,1
spring,2,Red,MVP,0,2.1012,0,12.92306667,0,10.58646667,28.54276663,14.076,21.781,0
spring,1,Blue,KT Rolster,0,3.239233333,1,10.30978333,1,14.14968333,35.85439838,15.323,26.974,1
spring,1,Red,Longzhu Gaming,1,3.239233333,0,10.30978333,0,14.14968333,30.15166835,14.178,21.607,0
spring,2,Blue,Longzhu Gaming,0,10.08198333,0,8.234716667,0,11.28038333,33.82629108,14.516,21.862,0
spring,2,Red,KT Rolster,1,10.08198333,1,8.234716667,1,11.28038333,32.72300469,14.271,24.396,1
spring,1,Blue,Jin Air Green Wings,0,10.1872,0,14.70976667,1,14.21436667,32.72727273,14.644,23.051,1
spring,1,Red,BBQ Olivers,1,10.1872,1,14.70976667,0,14.21436667,30.24165708,13.954,21.722,0
spring,2,Blue,BBQ Olivers,0,9.197833333,1,15.6148,0,12.3935,28.56739192,14.14,22.163,1
spring,2,Red,Jin Air Green Wings,1,9.197833333,0,15.6148,1,12.3935,28.61825374,15.153,24.347,0
spring,3,Blue,Jin Air Green Wings,1,4.829983333,0,6.751766667,1,8.663233333,33.17870322,16.284,24.207,1
spring,3,Red,BBQ Olivers,0,4.829983333,1,6.751766667,0,8.663233333,30.96468108,13.334,21.322,0